question_id,user_id,category,city,question_text,created_at,created_date,created_month,created_year,processed_at
1,4,Business,Chennai,How can I start learning machine learning?,2026-04-20 15:56:00,2026-04-20,2026-04,2026,2026-09-02 17:11:10.752603
2,14,Health,Mumbai,How can I learn Python?,2026-06-22 02:28:00,2026-06-22,2026-06,2026,2026-09-02 17:11:10.752603
3,10,General,Pune,How can I prepare for a technical interview?,2026-05-27 22:08:00,2026-05-27,2026-05,2026,2026-09-02 17:11:10.752603
4,8,Technology,Hyderabad,What are good resources for learning technology?,2026-05-09 07:52:00,2026-05-09,2026-05,2026,2026-09-02 17:11:10.752603
5,15,Business,Mumbai,What is data engineering?,2026-01-19 07:06:00,2026-01-19,2026-01,2026,2026-09-02 17:11:10.752603
6,25,Programming,Hyderabad,What is data engineering?,2026-03-01 18:20:00,2026-03-01,2026-03,2026,2026-09-02 17:11:10.752603
7,18,General,Pune,What is the difference between SQL and NoSQL?,2026-06-05 11:02:00,2026-06-05,2026-06,2026,2026-09-02 17:11:10.752603
8,1,Career,Pune,What is the difference between SQL and NoSQL?,2026-03-10 04:16:00,2026-03-10,2026-03,2026,2026-09-02 17:11:10.752603
9,9,Programming,Hyderabad,How can I start learning machine learning?,2026-05-04 08:39:00,2026-05-04,2026-05,2026,2026-09-02 17:11:10.752603
10,24,Business,Mumbai,How can I improve my career skills?,2026-06-12 15:33:00,2026-06-12,2026-06,2026,2026-09-02 17:11:10.752603
11,26,Career,Chennai,How can I prepare for a technical interview?,2026-06-24 04:48:00,2026-06-24,2026-06,2026,2026-09-02 17:11:10.752603
12,3,Technology,Ahmedabad,What is data engineering?,2026-03-06 21:09:00,2026-03-06,2026-03,2026,2026-09-02 17:11:10.752603
13,2,Programming,Delhi,What is data engineering?,2026-01-23 00:18:00,2026-01-23,2026-01,2026,2026-09-02 17:11:10.752603
14,4,Career,Ahmedabad,How can I improve my programming skills?,2026-05-26 08:51:00,2026-05-26,2026-05,2026,2026-09-02 17:11:10.752603
15,25,Programming,Delhi,What is the difference between SQL and NoSQL?,2026-01-28 17:07:00,2026-01-28,2026-01,2026,2026-09-02 17:11:10.752603
16,11,Health,Chennai,How can I improve my programming skills?,2026-03-04 19:58:00,2026-03-04,2026-03,2026,2026-09-02 17:11:10.752603
17,2,Technology,Ahmedabad,How can I improve my programming skills?,2026-05-19 08:59:00,2026-05-19,2026-05,2026,2026-09-02 17:11:10.752603
18,28,Business,Bangalore,How can I learn data analytics?,2026-06-02 06:19:00,2026-06-02,2026-06,2026,2026-09-02 17:11:10.752603
19,1,Career,Chennai,How can I learn Python?,2026-01-22 13:45:00,2026-01-22,2026-01,2026,2026-09-02 17:11:10.752603
20,5,Technology,Hyderabad,What is the best way to learn SQL?,2026-03-17 23:34:00,2026-03-17,2026-03,2026,2026-09-02 17:11:10.752603
21,4,Technology,Mumbai,How can I learn Python?,2026-01-08 23:06:00,2026-01-08,2026-01,2026,2026-09-02 17:11:10.752603
22,14,Education,Chennai,How can I start learning machine learning?,2026-06-14 09:08:00,2026-06-14,2026-06,2026,2026-09-02 17:11:10.752603
23,26,General,Ahmedabad,What is the best way to learn SQL?,2026-03-26 04:06:00,2026-03-26,2026-03,2026,2026-09-02 17:11:10.752603
24,26,Education,Pune,How can I improve my programming skills?,2026-02-08 00:37:00,2026-02-08,2026-02,2026,2026-09-02 17:11:10.752603
25,30,Education,Mumbai,How can I start learning machine learning?,2026-04-17 21:39:00,2026-04-17,2026-04,2026,2026-09-02 17:11:10.752603
26,3,Career,Jaipur,What is the best way to learn SQL?,2026-03-04 13:35:00,2026-03-04,2026-03,2026,2026-09-02 17:11:10.752603
27,8,Health,Mumbai,What are good resources for learning technology?,2026-02-20 06:45:00,2026-02-20,2026-02,2026,2026-09-02 17:11:10.752603
28,29,Career,Bangalore,What is data engineering?,2026-06-14 15:30:00,2026-06-14,2026-06,2026,2026-09-02 17:11:10.752603
29,11,Programming,Hyderabad,What is the best way to learn SQL?,2026-03-08 21:48:00,2026-03-08,2026-03,2026,2026-09-02 17:11:10.752603
30,14,Technology,Jaipur,How can I improve my career skills?,2026-01-28 14:57:00,2026-01-28,2026-01,2026,2026-09-02 17:11:10.752603
31,3,Technology,Hyderabad,How can I improve my career skills?,2026-03-27 12:22:00,2026-03-27,2026-03,2026,2026-09-02 17:11:10.752603
32,10,Programming,Delhi,How can I prepare for a technical interview?,2026-06-04 09:39:00,2026-06-04,2026-06,2026,2026-09-02 17:11:10.752603
33,24,Education,Ahmedabad,What are good resources for learning technology?,2026-01-17 02:44:00,2026-01-17,2026-01,2026,2026-09-02 17:11:10.752603
34,30,General,Hyderabad,How can I improve my programming skills?,2026-02-08 00:53:00,2026-02-08,2026-02,2026,2026-09-02 17:11:10.752603
35,12,Health,Hyderabad,How can I prepare for a technical interview?,2026-01-02 08:24:00,2026-01-02,2026-01,2026,2026-09-02 17:11:10.752603
36,23,Programming,Delhi,How can I improve my career skills?,2026-01-18 07:27:00,2026-01-18,2026-01,2026,2026-09-02 17:11:10.752603
37,8,Health,Delhi,What are good resources for learning technology?,2026-04-16 20:51:00,2026-04-16,2026-04,2026,2026-09-02 17:11:10.752603
38,8,General,Ahmedabad,How can I learn data analytics?,2026-04-06 08:56:00,2026-04-06,2026-04,2026,2026-09-02 17:11:10.752603
39,25,Health,Hyderabad,What are good resources for learning technology?,2026-06-24 08:12:00,2026-06-24,2026-06,2026,2026-09-02 17:11:10.752603
40,19,Health,Delhi,How can I learn data analytics?,2026-05-23 09:34:00,2026-05-23,2026-05,2026,2026-09-02 17:11:10.752603
41,1,Career,Mumbai,What is the difference between SQL and NoSQL?,2026-03-17 15:25:00,2026-03-17,2026-03,2026,2026-09-02 17:11:10.752603
42,25,General,Hyderabad,How can I improve my programming skills?,2026-01-30 08:46:00,2026-01-30,2026-01,2026,2026-09-02 17:11:10.752603
43,2,Programming,Pune,How can I start learning machine learning?,2026-03-27 21:05:00,2026-03-27,2026-03,2026,2026-09-02 17:11:10.752603
44,5,Health,Pune,What is the difference between SQL and NoSQL?,2026-05-29 23:10:00,2026-05-29,2026-05,2026,2026-09-02 17:11:10.752603
45,12,Programming,Delhi,What is data engineering?,2026-02-10 21:58:00,2026-02-10,2026-02,2026,2026-09-02 17:11:10.752603
46,19,Programming,Chennai,What is the difference between SQL and NoSQL?,2026-01-22 15:50:00,2026-01-22,2026-01,2026,2026-09-02 17:11:10.752603
47,28,Technology,Chennai,How can I improve my programming skills?,2026-02-20 16:02:00,2026-02-20,2026-02,2026,2026-09-02 17:11:10.752603
48,4,Health,Hyderabad,What is the best way to learn SQL?,2026-06-10 02:52:00,2026-06-10,2026-06,2026,2026-09-02 17:11:10.752603
49,13,Career,Delhi,What is the best way to learn SQL?,2026-03-31 08:19:00,2026-03-31,2026-03,2026,2026-09-02 17:11:10.752603
50,11,Health,Mumbai,How can I learn data analytics?,2026-02-19 00:23:00,2026-02-19,2026-02,2026,2026-09-02 17:11:10.752603
51,22,Programming,Bangalore,What are good resources for learning technology?,2026-02-03 18:59:00,2026-02-03,2026-02,2026,2026-09-02 17:11:10.752603
52,11,Programming,Jaipur,How can I improve my career skills?,2026-02-06 18:10:00,2026-02-06,2026-02,2026,2026-09-02 17:11:10.752603
53,6,Business,Bangalore,What is the difference between SQL and NoSQL?,2026-01-13 00:14:00,2026-01-13,2026-01,2026,2026-09-02 17:11:10.752603
54,9,Career,Jaipur,What is data engineering?,2026-05-25 19:22:00,2026-05-25,2026-05,2026,2026-09-02 17:11:10.752603
55,21,Career,Hyderabad,How can I prepare for a technical interview?,2026-03-13 03:02:00,2026-03-13,2026-03,2026,2026-09-02 17:11:10.752603
56,7,Technology,Jaipur,How can I start learning machine learning?,2026-01-26 10:53:00,2026-01-26,2026-01,2026,2026-09-02 17:11:10.752603
57,8,Programming,Delhi,How can I learn data analytics?,2026-02-18 12:28:00,2026-02-18,2026-02,2026,2026-09-02 17:11:10.752603
58,22,Programming,Delhi,What is the best way to learn SQL?,2026-01-25 10:27:00,2026-01-25,2026-01,2026,2026-09-02 17:11:10.752603
59,22,Health,Mumbai,How can I improve my programming skills?,2026-06-20 08:10:00,2026-06-20,2026-06,2026,2026-09-02 17:11:10.752603
60,27,General,Jaipur,What is data engineering?,2026-02-17 23:16:00,2026-02-17,2026-02,2026,2026-09-02 17:11:10.752603
61,1,Health,Delhi,What is the best way to learn SQL?,2026-02-03 04:24:00,2026-02-03,2026-02,2026,2026-09-02 17:11:10.752603
62,26,Business,Delhi,How can I improve my career skills?,2026-06-21 23:45:00,2026-06-21,2026-06,2026,2026-09-02 17:11:10.752603
63,25,Technology,Jaipur,What are good resources for learning technology?,2026-01-03 08:18:00,2026-01-03,2026-01,2026,2026-09-02 17:11:10.752603
64,9,Programming,Pune,How can I learn Python?,2026-05-26 17:46:00,2026-05-26,2026-05,2026,2026-09-02 17:11:10.752603
65,10,Health,Chennai,What are good resources for learning technology?,2026-05-16 19:16:00,2026-05-16,2026-05,2026,2026-09-02 17:11:10.752603
66,14,Career,Jaipur,How can I learn Python?,2026-01-14 03:53:00,2026-01-14,2026-01,2026,2026-09-02 17:11:10.752603
67,24,Programming,Ahmedabad,What is the difference between SQL and NoSQL?,2026-03-05 08:55:00,2026-03-05,2026-03,2026,2026-09-02 17:11:10.752603
68,17,Business,Bangalore,How can I learn Python?,2026-01-10 22:59:00,2026-01-10,2026-01,2026,2026-09-02 17:11:10.752603
69,1,Health,Mumbai,How can I prepare for a technical interview?,2026-02-12 23:14:00,2026-02-12,2026-02,2026,2026-09-02 17:11:10.752603
70,13,General,Ahmedabad,What are good resources for learning technology?,2026-03-28 17:04:00,2026-03-28,2026-03,2026,2026-09-02 17:11:10.752603
71,23,Education,Hyderabad,What is the best way to learn SQL?,2026-04-28 20:26:00,2026-04-28,2026-04,2026,2026-09-02 17:11:10.752603
72,12,Business,Ahmedabad,What is the best way to learn SQL?,2026-03-10 03:05:00,2026-03-10,2026-03,2026,2026-09-02 17:11:10.752603
73,13,Education,Hyderabad,How can I start learning machine learning?,2026-04-12 15:41:00,2026-04-12,2026-04,2026,2026-09-02 17:11:10.752603
74,5,General,Hyderabad,What are good resources for learning technology?,2026-05-01 19:38:00,2026-05-01,2026-05,2026,2026-09-02 17:11:10.752603
75,7,Health,Bangalore,How can I learn data analytics?,2026-05-08 06:46:00,2026-05-08,2026-05,2026,2026-09-02 17:11:10.752603
76,3,Career,Hyderabad,How can I improve my programming skills?,2026-06-10 06:45:00,2026-06-10,2026-06,2026,2026-09-02 17:11:10.752603
77,26,Technology,Pune,How can I improve my career skills?,2026-04-11 22:29:00,2026-04-11,2026-04,2026,2026-09-02 17:11:10.752603
78,3,Education,Delhi,How can I learn data analytics?,2026-02-01 20:59:00,2026-02-01,2026-02,2026,2026-09-02 17:11:10.752603
79,9,General,Pune,How can I learn Python?,2026-04-30 08:28:00,2026-04-30,2026-04,2026,2026-09-02 17:11:10.752603
80,30,Health,Mumbai,What are good resources for learning technology?,2026-01-24 06:07:00,2026-01-24,2026-01,2026,2026-09-02 17:11:10.752603
81,8,Business,Jaipur,How can I prepare for a technical interview?,2026-06-01 04:09:00,2026-06-01,2026-06,2026,2026-09-02 17:11:10.752603
82,20,Business,Delhi,How can I prepare for a technical interview?,2026-05-23 23:55:00,2026-05-23,2026-05,2026,2026-09-02 17:11:10.752603
83,8,Health,Delhi,What are good resources for learning technology?,2026-05-07 00:31:00,2026-05-07,2026-05,2026,2026-09-02 17:11:10.752603
84,5,Education,Hyderabad,How can I start learning machine learning?,2026-01-31 04:44:00,2026-01-31,2026-01,2026,2026-09-02 17:11:10.752603
85,29,Business,Ahmedabad,How can I improve my career skills?,2026-04-26 03:08:00,2026-04-26,2026-04,2026,2026-09-02 17:11:10.752603
86,22,Programming,Jaipur,How can I improve my career skills?,2026-05-23 20:38:00,2026-05-23,2026-05,2026,2026-09-02 17:11:10.752603
87,13,General,Pune,How can I improve my programming skills?,2026-02-06 12:27:00,2026-02-06,2026-02,2026,2026-09-02 17:11:10.752603
88,11,Programming,Mumbai,How can I learn data analytics?,2026-03-24 20:56:00,2026-03-24,2026-03,2026,2026-09-02 17:11:10.752603
89,7,Programming,Bangalore,What is data engineering?,2026-04-17 11:03:00,2026-04-17,2026-04,2026,2026-09-02 17:11:10.752603
90,2,Education,Bangalore,What is data engineering?,2026-04-20 17:34:00,2026-04-20,2026-04,2026,2026-09-02 17:11:10.752603
91,18,Career,Chennai,How can I improve my programming skills?,2026-04-28 01:13:00,2026-04-28,2026-04,2026,2026-09-02 17:11:10.752603
92,14,Health,Delhi,How can I improve my programming skills?,2026-02-06 13:16:00,2026-02-06,2026-02,2026,2026-09-02 17:11:10.752603
93,12,Technology,Hyderabad,What is the best way to learn SQL?,2026-05-24 10:49:00,2026-05-24,2026-05,2026,2026-09-02 17:11:10.752603
94,1,Business,Hyderabad,How can I improve my career skills?,2026-02-11 09:04:00,2026-02-11,2026-02,2026,2026-09-02 17:11:10.752603
95,8,Programming,Ahmedabad,What is the best way to learn SQL?,2026-02-11 12:19:00,2026-02-11,2026-02,2026,2026-09-02 17:11:10.752603
96,13,Business,Mumbai,How can I learn data analytics?,2026-06-03 11:30:00,2026-06-03,2026-06,2026,2026-09-02 17:11:10.752603
97,12,Programming,Jaipur,How can I learn Python?,2026-03-26 18:39:00,2026-03-26,2026-03,2026,2026-09-02 17:11:10.752603
98,5,General,Ahmedabad,What is the difference between SQL and NoSQL?,2026-06-17 16:46:00,2026-06-17,2026-06,2026,2026-09-02 17:11:10.752603
99,2,Business,Pune,How can I improve my career skills?,2026-01-22 15:13:00,2026-01-22,2026-01,2026,2026-09-02 17:11:10.752603
100,8,Business,Hyderabad,What is the best way to learn SQL?,2026-04-24 10:37:00,2026-04-24,2026-04,2026,2026-09-02 17:11:10.752603
101,10,Career,Bangalore,What is the best way to learn SQL?,2026-05-16 15:16:00,2026-05-16,2026-05,2026,2026-09-02 17:11:10.752603
102,12,Technology,Delhi,How can I prepare for a technical interview?,2026-03-27 03:32:00,2026-03-27,2026-03,2026,2026-09-02 17:11:10.752603
103,11,Education,Chennai,What is the best way to learn SQL?,2026-05-30 19:44:00,2026-05-30,2026-05,2026,2026-09-02 17:11:10.752603
104,8,General,Bangalore,How can I learn Python?,2026-04-02 13:07:00,2026-04-02,2026-04,2026,2026-09-02 17:11:10.752603
105,17,Health,Pune,How can I improve my programming skills?,2026-01-27 10:48:00,2026-01-27,2026-01,2026,2026-09-02 17:11:10.752603
106,28,Business,Pune,How can I prepare for a technical interview?,2026-04-05 11:07:00,2026-04-05,2026-04,2026,2026-09-02 17:11:10.752603
107,28,General,Chennai,How can I improve my programming skills?,2026-03-23 23:08:00,2026-03-23,2026-03,2026,2026-09-02 17:11:10.752603
108,25,Education,Ahmedabad,What is data engineering?,2026-01-06 20:43:00,2026-01-06,2026-01,2026,2026-09-02 17:11:10.752603
109,27,Technology,Ahmedabad,What is the best way to learn SQL?,2026-06-17 09:32:00,2026-06-17,2026-06,2026,2026-09-02 17:11:10.752603
110,22,General,Chennai,What are good resources for learning technology?,2026-02-13 18:11:00,2026-02-13,2026-02,2026,2026-09-02 17:11:10.752603
111,28,General,Bangalore,How can I prepare for a technical interview?,2026-04-10 10:21:00,2026-04-10,2026-04,2026,2026-09-02 17:11:10.752603
112,20,General,Pune,How can I start learning machine learning?,2026-01-14 17:14:00,2026-01-14,2026-01,2026,2026-09-02 17:11:10.752603
113,6,Programming,Jaipur,How can I learn Python?,2026-01-04 18:48:00,2026-01-04,2026-01,2026,2026-09-02 17:11:10.752603
114,16,Programming,Hyderabad,How can I start learning machine learning?,2026-01-04 22:51:00,2026-01-04,2026-01,2026,2026-09-02 17:11:10.752603
115,24,Career,Pune,How can I improve my career skills?,2026-04-02 01:59:00,2026-04-02,2026-04,2026,2026-09-02 17:11:10.752603
116,11,Education,Chennai,What is data engineering?,2026-05-02 17:22:00,2026-05-02,2026-05,2026,2026-09-02 17:11:10.752603
117,3,General,Ahmedabad,What is the difference between SQL and NoSQL?,2026-01-10 11:54:00,2026-01-10,2026-01,2026,2026-09-02 17:11:10.752603
118,21,Programming,Mumbai,What is data engineering?,2026-02-13 19:55:00,2026-02-13,2026-02,2026,2026-09-02 17:11:10.752603
119,4,Programming,Hyderabad,What is the best way to learn SQL?,2026-04-16 15:22:00,2026-04-16,2026-04,2026,2026-09-02 17:11:10.752603
120,30,Technology,Pune,What is data engineering?,2026-03-17 07:41:00,2026-03-17,2026-03,2026,2026-09-02 17:11:10.752603
121,7,Health,Chennai,What are good resources for learning technology?,2026-05-16 12:27:00,2026-05-16,2026-05,2026,2026-09-02 17:11:10.752603
122,16,Education,Ahmedabad,How can I start learning machine learning?,2026-06-06 01:08:00,2026-06-06,2026-06,2026,2026-09-02 17:11:10.752603
123,24,Education,Chennai,How can I improve my career skills?,2026-04-27 10:25:00,2026-04-27,2026-04,2026,2026-09-02 17:11:10.752603
124,22,Career,Chennai,What is the difference between SQL and NoSQL?,2026-05-28 05:32:00,2026-05-28,2026-05,2026,2026-09-02 17:11:10.752603
125,3,Programming,Ahmedabad,What is the difference between SQL and NoSQL?,2026-05-05 01:25:00,2026-05-05,2026-05,2026,2026-09-02 17:11:10.752603
126,5,Health,Bangalore,How can I learn data analytics?,2026-04-14 15:00:00,2026-04-14,2026-04,2026,2026-09-02 17:11:10.752603
127,24,General,Pune,How can I improve my programming skills?,2026-06-16 00:55:00,2026-06-16,2026-06,2026,2026-09-02 17:11:10.752603
128,5,Education,Ahmedabad,How can I prepare for a technical interview?,2026-05-24 19:41:00,2026-05-24,2026-05,2026,2026-09-02 17:11:10.752603
129,28,General,Hyderabad,What are good resources for learning technology?,2026-04-11 23:41:00,2026-04-11,2026-04,2026,2026-09-02 17:11:10.752603
130,10,Health,Mumbai,What is the difference between SQL and NoSQL?,2026-06-28 18:44:00,2026-06-28,2026-06,2026,2026-09-02 17:11:10.752603
131,10,Programming,Bangalore,What are good resources for learning technology?,2026-04-26 16:04:00,2026-04-26,2026-04,2026,2026-09-02 17:11:10.752603
132,12,Education,Mumbai,What is the difference between SQL and NoSQL?,2026-04-26 01:12:00,2026-04-26,2026-04,2026,2026-09-02 17:11:10.752603
133,8,Business,Jaipur,How can I learn data analytics?,2026-05-02 14:45:00,2026-05-02,2026-05,2026,2026-09-02 17:11:10.752603
134,15,General,Mumbai,How can I learn Python?,2026-03-09 10:32:00,2026-03-09,2026-03,2026,2026-09-02 17:11:10.752603
135,5,General,Pune,How can I improve my career skills?,2026-04-02 17:13:00,2026-04-02,2026-04,2026,2026-09-02 17:11:10.752603
136,4,Business,Hyderabad,How can I learn data analytics?,2026-01-30 03:43:00,2026-01-30,2026-01,2026,2026-09-02 17:11:10.752603
137,15,Business,Pune,What is the best way to learn SQL?,2026-04-30 22:29:00,2026-04-30,2026-04,2026,2026-09-02 17:11:10.752603
138,11,Health,Pune,How can I learn data analytics?,2026-03-31 15:06:00,2026-03-31,2026-03,2026,2026-09-02 17:11:10.752603
139,11,Career,Hyderabad,How can I learn data analytics?,2026-05-01 10:58:00,2026-05-01,2026-05,2026,2026-09-02 17:11:10.752603
140,15,Programming,Hyderabad,How can I prepare for a technical interview?,2026-05-04 03:42:00,2026-05-04,2026-05,2026,2026-09-02 17:11:10.752603
141,19,Business,Ahmedabad,How can I improve my career skills?,2026-05-27 00:05:00,2026-05-27,2026-05,2026,2026-09-02 17:11:10.752603
142,16,Health,Delhi,How can I prepare for a technical interview?,2026-06-19 03:18:00,2026-06-19,2026-06,2026,2026-09-02 17:11:10.752603
143,8,Education,Bangalore,How can I start learning machine learning?,2026-06-06 22:02:00,2026-06-06,2026-06,2026,2026-09-02 17:11:10.752603
144,19,General,Chennai,What is the difference between SQL and NoSQL?,2026-06-04 08:06:00,2026-06-04,2026-06,2026,2026-09-02 17:11:10.752603
145,11,General,Bangalore,How can I prepare for a technical interview?,2026-04-26 13:46:00,2026-04-26,2026-04,2026,2026-09-02 17:11:10.752603
146,12,Health,Bangalore,How can I learn Python?,2026-01-24 17:15:00,2026-01-24,2026-01,2026,2026-09-02 17:11:10.752603
147,22,Career,Jaipur,How can I learn data analytics?,2026-05-02 10:55:00,2026-05-02,2026-05,2026,2026-09-02 17:11:10.752603
148,29,Technology,Ahmedabad,What is the difference between SQL and NoSQL?,2026-01-10 14:13:00,2026-01-10,2026-01,2026,2026-09-02 17:11:10.752603
149,9,Career,Chennai,How can I improve my career skills?,2026-05-03 07:58:00,2026-05-03,2026-05,2026,2026-09-02 17:11:10.752603
150,11,Education,Bangalore,How can I learn data analytics?,2026-02-19 21:29:00,2026-02-19,2026-02,2026,2026-09-02 17:11:10.752603
151,24,Technology,Ahmedabad,What is the difference between SQL and NoSQL?,2026-03-30 20:47:00,2026-03-30,2026-03,2026,2026-09-02 17:11:10.752603
152,16,General,Mumbai,What are good resources for learning technology?,2026-05-25 21:02:00,2026-05-25,2026-05,2026,2026-09-02 17:11:10.752603
153,12,Programming,Jaipur,How can I prepare for a technical interview?,2026-05-28 04:24:00,2026-05-28,2026-05,2026,2026-09-02 17:11:10.752603
154,25,Business,Delhi,How can I learn data analytics?,2026-04-19 09:29:00,2026-04-19,2026-04,2026,2026-09-02 17:11:10.752603
155,21,Health,Mumbai,How can I improve my career skills?,2026-03-19 03:59:00,2026-03-19,2026-03,2026,2026-09-02 17:11:10.752603
156,14,Business,Mumbai,How can I improve my career skills?,2026-01-02 18:56:00,2026-01-02,2026-01,2026,2026-09-02 17:11:10.752603
157,16,Health,Hyderabad,What is data engineering?,2026-04-21 08:39:00,2026-04-21,2026-04,2026,2026-09-02 17:11:10.752603
158,7,Programming,Chennai,How can I learn data analytics?,2026-06-19 13:57:00,2026-06-19,2026-06,2026,2026-09-02 17:11:10.752603
159,28,Programming,Pune,What is the best way to learn SQL?,2026-02-25 17:10:00,2026-02-25,2026-02,2026,2026-09-02 17:11:10.752603
160,25,Business,Bangalore,How can I learn data analytics?,2026-05-06 13:59:00,2026-05-06,2026-05,2026,2026-09-02 17:11:10.752603
161,27,Career,Mumbai,What are good resources for learning technology?,2026-03-02 08:38:00,2026-03-02,2026-03,2026,2026-09-02 17:11:10.752603
162,20,Programming,Bangalore,How can I learn data analytics?,2026-01-24 20:05:00,2026-01-24,2026-01,2026,2026-09-02 17:11:10.752603
163,19,Business,Bangalore,How can I improve my career skills?,2026-01-11 11:41:00,2026-01-11,2026-01,2026,2026-09-02 17:11:10.752603
164,3,General,Bangalore,What is the difference between SQL and NoSQL?,2026-06-21 13:26:00,2026-06-21,2026-06,2026,2026-09-02 17:11:10.752603
165,18,Programming,Jaipur,How can I learn Python?,2026-01-18 02:24:00,2026-01-18,2026-01,2026,2026-09-02 17:11:10.752603
166,8,Education,Hyderabad,What is data engineering?,2026-02-03 20:28:00,2026-02-03,2026-02,2026,2026-09-02 17:11:10.752603
167,13,Programming,Pune,How can I learn data analytics?,2026-02-02 20:28:00,2026-02-02,2026-02,2026,2026-09-02 17:11:10.752603
168,3,Health,Mumbai,How can I improve my career skills?,2026-06-22 17:52:00,2026-06-22,2026-06,2026,2026-09-02 17:11:10.752603
169,12,Education,Pune,How can I improve my career skills?,2026-04-25 11:45:00,2026-04-25,2026-04,2026,2026-09-02 17:11:10.752603
170,6,Programming,Chennai,What are good resources for learning technology?,2026-04-19 01:34:00,2026-04-19,2026-04,2026,2026-09-02 17:11:10.752603
171,17,Programming,Bangalore,What is data engineering?,2026-03-24 16:16:00,2026-03-24,2026-03,2026,2026-09-02 17:11:10.752603
172,27,Health,Mumbai,What are good resources for learning technology?,2026-06-02 06:46:00,2026-06-02,2026-06,2026,2026-09-02 17:11:10.752603
173,18,Career,Ahmedabad,What is the best way to learn SQL?,2026-02-11 06:14:00,2026-02-11,2026-02,2026,2026-09-02 17:11:10.752603
174,9,General,Ahmedabad,How can I improve my career skills?,2026-02-27 21:20:00,2026-02-27,2026-02,2026,2026-09-02 17:11:10.752603
175,29,Technology,Hyderabad,What is the difference between SQL and NoSQL?,2026-05-15 00:03:00,2026-05-15,2026-05,2026,2026-09-02 17:11:10.752603
176,23,Education,Bangalore,How can I improve my career skills?,2026-05-05 16:27:00,2026-05-05,2026-05,2026,2026-09-02 17:11:10.752603
177,4,Technology,Bangalore,How can I start learning machine learning?,2026-01-26 19:57:00,2026-01-26,2026-01,2026,2026-09-02 17:11:10.752603
178,11,Business,Ahmedabad,How can I learn Python?,2026-01-31 03:14:00,2026-01-31,2026-01,2026,2026-09-02 17:11:10.752603
179,27,Education,Delhi,What is data engineering?,2026-05-07 11:48:00,2026-05-07,2026-05,2026,2026-09-02 17:11:10.752603
180,5,Technology,Pune,How can I prepare for a technical interview?,2026-01-12 04:24:00,2026-01-12,2026-01,2026,2026-09-02 17:11:10.752603
181,7,Health,Pune,What is the difference between SQL and NoSQL?,2026-05-01 13:51:00,2026-05-01,2026-05,2026,2026-09-02 17:11:10.752603
182,25,General,Hyderabad,How can I improve my career skills?,2026-03-17 04:35:00,2026-03-17,2026-03,2026,2026-09-02 17:11:10.752603
183,21,General,Mumbai,How can I learn Python?,2026-06-21 08:05:00,2026-06-21,2026-06,2026,2026-09-02 17:11:10.752603
184,25,Programming,Delhi,How can I improve my career skills?,2026-03-27 02:30:00,2026-03-27,2026-03,2026,2026-09-02 17:11:10.752603
185,13,Career,Jaipur,How can I learn Python?,2026-02-27 17:22:00,2026-02-27,2026-02,2026,2026-09-02 17:11:10.752603
186,10,Career,Jaipur,How can I improve my career skills?,2026-01-31 00:05:00,2026-01-31,2026-01,2026,2026-09-02 17:11:10.752603
187,17,Business,Pune,How can I prepare for a technical interview?,2026-04-24 06:20:00,2026-04-24,2026-04,2026,2026-09-02 17:11:10.752603
188,13,Technology,Hyderabad,How can I learn Python?,2026-05-27 07:16:00,2026-05-27,2026-05,2026,2026-09-02 17:11:10.752603
189,20,Education,Delhi,What is the best way to learn SQL?,2026-04-11 22:51:00,2026-04-11,2026-04,2026,2026-09-02 17:11:10.752603
190,16,Career,Chennai,How can I start learning machine learning?,2026-03-10 01:18:00,2026-03-10,2026-03,2026,2026-09-02 17:11:10.752603
191,4,Health,Hyderabad,What are good resources for learning technology?,2026-03-27 21:59:00,2026-03-27,2026-03,2026,2026-09-02 17:11:10.752603
192,25,Technology,Pune,What is the difference between SQL and NoSQL?,2026-03-25 17:05:00,2026-03-25,2026-03,2026,2026-09-02 17:11:10.752603
193,26,Health,Pune,What is the best way to learn SQL?,2026-03-01 20:46:00,2026-03-01,2026-03,2026,2026-09-02 17:11:10.752603
194,12,Programming,Jaipur,How can I learn Python?,2026-05-14 20:37:00,2026-05-14,2026-05,2026,2026-09-02 17:11:10.752603
195,25,Business,Hyderabad,How can I improve my programming skills?,2026-06-14 12:21:00,2026-06-14,2026-06,2026,2026-09-02 17:11:10.752603
196,25,Career,Jaipur,How can I start learning machine learning?,2026-02-13 20:43:00,2026-02-13,2026-02,2026,2026-09-02 17:11:10.752603
197,11,Technology,Jaipur,How can I start learning machine learning?,2026-03-11 02:24:00,2026-03-11,2026-03,2026,2026-09-02 17:11:10.752603
198,18,Business,Ahmedabad,What are good resources for learning technology?,2026-05-11 06:04:00,2026-05-11,2026-05,2026,2026-09-02 17:11:10.752603
199,8,General,Jaipur,What is data engineering?,2026-05-31 00:23:00,2026-05-31,2026-05,2026,2026-09-02 17:11:10.752603
200,13,Programming,Pune,What are good resources for learning technology?,2026-02-08 05:41:00,2026-02-08,2026-02,2026,2026-09-02 17:11:10.752603
201,5,Programming,Hyderabad,What is the best way to learn SQL?,2026-01-10 04:51:00,2026-01-10,2026-01,2026,2026-09-02 17:11:10.752603
202,28,Technology,Delhi,What are good resources for learning technology?,2026-06-28 16:17:00,2026-06-28,2026-06,2026,2026-09-02 17:11:10.752603
203,14,Programming,Ahmedabad,How can I improve my career skills?,2026-01-05 20:57:00,2026-01-05,2026-01,2026,2026-09-02 17:11:10.752603
204,18,Education,Pune,What are good resources for learning technology?,2026-06-07 21:57:00,2026-06-07,2026-06,2026,2026-09-02 17:11:10.752603
205,6,Career,Chennai,What is the difference between SQL and NoSQL?,2026-06-08 00:02:00,2026-06-08,2026-06,2026,2026-09-02 17:11:10.752603
206,16,Health,Bangalore,How can I learn data analytics?,2026-05-19 04:43:00,2026-05-19,2026-05,2026,2026-09-02 17:11:10.752603
207,12,Health,Bangalore,How can I learn data analytics?,2026-04-26 06:58:00,2026-04-26,2026-04,2026,2026-09-02 17:11:10.752603
208,27,Technology,Bangalore,How can I improve my programming skills?,2026-05-26 20:48:00,2026-05-26,2026-05,2026,2026-09-02 17:11:10.752603
209,22,Education,Mumbai,What are good resources for learning technology?,2026-03-02 10:33:00,2026-03-02,2026-03,2026,2026-09-02 17:11:10.752603
210,24,General,Mumbai,How can I improve my career skills?,2026-06-06 03:38:00,2026-06-06,2026-06,2026,2026-09-02 17:11:10.752603
211,22,General,Jaipur,What is the best way to learn SQL?,2026-03-19 06:31:00,2026-03-19,2026-03,2026,2026-09-02 17:11:10.752603
212,25,Business,Hyderabad,How can I improve my programming skills?,2026-04-02 13:45:00,2026-04-02,2026-04,2026,2026-09-02 17:11:10.752603
213,19,Business,Mumbai,How can I start learning machine learning?,2026-06-19 00:01:00,2026-06-19,2026-06,2026,2026-09-02 17:11:10.752603
214,17,Programming,Chennai,How can I learn Python?,2026-03-05 13:37:00,2026-03-05,2026-03,2026,2026-09-02 17:11:10.752603
215,17,Programming,Chennai,What is the difference between SQL and NoSQL?,2026-05-21 07:39:00,2026-05-21,2026-05,2026,2026-09-02 17:11:10.752603
216,26,Business,Jaipur,How can I prepare for a technical interview?,2026-05-12 01:43:00,2026-05-12,2026-05,2026,2026-09-02 17:11:10.752603
217,6,Education,Pune,What is the best way to learn SQL?,2026-02-26 00:59:00,2026-02-26,2026-02,2026,2026-09-02 17:11:10.752603
218,6,Programming,Jaipur,How can I start learning machine learning?,2026-04-05 04:52:00,2026-04-05,2026-04,2026,2026-09-02 17:11:10.752603
219,15,Technology,Hyderabad,How can I improve my programming skills?,2026-01-28 17:20:00,2026-01-28,2026-01,2026,2026-09-02 17:11:10.752603
220,9,Programming,Pune,What is data engineering?,2026-05-08 10:23:00,2026-05-08,2026-05,2026,2026-09-02 17:11:10.752603
221,28,Career,Pune,What is the difference between SQL and NoSQL?,2026-06-05 16:16:00,2026-06-05,2026-06,2026,2026-09-02 17:11:10.752603
222,22,Technology,Bangalore,What is the difference between SQL and NoSQL?,2026-01-05 18:57:00,2026-01-05,2026-01,2026,2026-09-02 17:11:10.752603
223,8,Business,Pune,What is the difference between SQL and NoSQL?,2026-04-28 18:06:00,2026-04-28,2026-04,2026,2026-09-02 17:11:10.752603
224,28,Programming,Bangalore,What are good resources for learning technology?,2026-06-05 11:58:00,2026-06-05,2026-06,2026,2026-09-02 17:11:10.752603
225,2,Technology,Ahmedabad,What are good resources for learning technology?,2026-01-02 02:50:00,2026-01-02,2026-01,2026,2026-09-02 17:11:10.752603
226,10,Education,Hyderabad,What is the difference between SQL and NoSQL?,2026-04-11 14:50:00,2026-04-11,2026-04,2026,2026-09-02 17:11:10.752603
227,6,Education,Pune,How can I prepare for a technical interview?,2026-05-21 00:08:00,2026-05-21,2026-05,2026,2026-09-02 17:11:10.752603
228,29,General,Bangalore,What is the difference between SQL and NoSQL?,2026-04-17 10:02:00,2026-04-17,2026-04,2026,2026-09-02 17:11:10.752603
229,19,Technology,Jaipur,How can I improve my programming skills?,2026-04-17 01:15:00,2026-04-17,2026-04,2026,2026-09-02 17:11:10.752603
230,17,General,Bangalore,What are good resources for learning technology?,2026-06-25 10:08:00,2026-06-25,2026-06,2026,2026-09-02 17:11:10.752603
231,7,Programming,Chennai,How can I learn data analytics?,2026-04-11 02:51:00,2026-04-11,2026-04,2026,2026-09-02 17:11:10.752603
232,21,Technology,Bangalore,How can I prepare for a technical interview?,2026-04-24 20:06:00,2026-04-24,2026-04,2026,2026-09-02 17:11:10.752603
233,23,Technology,Chennai,How can I start learning machine learning?,2026-04-28 10:13:00,2026-04-28,2026-04,2026,2026-09-02 17:11:10.752603
234,21,Education,Pune,What is the best way to learn SQL?,2026-01-09 20:04:00,2026-01-09,2026-01,2026,2026-09-02 17:11:10.752603
235,22,Career,Bangalore,What is data engineering?,2026-04-11 10:07:00,2026-04-11,2026-04,2026,2026-09-02 17:11:10.752603
236,15,Programming,Jaipur,How can I improve my career skills?,2026-06-02 14:12:00,2026-06-02,2026-06,2026,2026-09-02 17:11:10.752603
237,10,Business,Hyderabad,How can I improve my career skills?,2026-04-26 04:06:00,2026-04-26,2026-04,2026,2026-09-02 17:11:10.752603
238,11,Technology,Pune,How can I learn data analytics?,2026-05-18 19:53:00,2026-05-18,2026-05,2026,2026-09-02 17:11:10.752603
239,12,Health,Delhi,What is the difference between SQL and NoSQL?,2026-05-19 12:18:00,2026-05-19,2026-05,2026,2026-09-02 17:11:10.752603
240,16,Programming,Chennai,What is data engineering?,2026-03-17 08:35:00,2026-03-17,2026-03,2026,2026-09-02 17:11:10.752603
241,22,Career,Delhi,How can I improve my career skills?,2026-01-24 01:28:00,2026-01-24,2026-01,2026,2026-09-02 17:11:10.752603
242,15,Health,Jaipur,How can I learn Python?,2026-02-11 11:16:00,2026-02-11,2026-02,2026,2026-09-02 17:11:10.752603
243,15,Career,Ahmedabad,What is the difference between SQL and NoSQL?,2026-03-10 05:01:00,2026-03-10,2026-03,2026,2026-09-02 17:11:10.752603
244,24,Health,Hyderabad,What is the difference between SQL and NoSQL?,2026-03-29 01:06:00,2026-03-29,2026-03,2026,2026-09-02 17:11:10.752603
245,10,Health,Delhi,How can I learn Python?,2026-05-13 09:41:00,2026-05-13,2026-05,2026,2026-09-02 17:11:10.752603
246,2,Technology,Bangalore,How can I improve my career skills?,2026-06-25 10:36:00,2026-06-25,2026-06,2026,2026-09-02 17:11:10.752603
247,6,General,Mumbai,How can I prepare for a technical interview?,2026-05-08 09:20:00,2026-05-08,2026-05,2026,2026-09-02 17:11:10.752603
248,28,Career,Pune,How can I learn data analytics?,2026-05-17 20:50:00,2026-05-17,2026-05,2026,2026-09-02 17:11:10.752603
249,19,Health,Chennai,How can I improve my programming skills?,2026-03-17 19:08:00,2026-03-17,2026-03,2026,2026-09-02 17:11:10.752603
250,7,Education,Delhi,What are good resources for learning technology?,2026-05-30 15:40:00,2026-05-30,2026-05,2026,2026-09-02 17:11:10.752603
251,5,Education,Delhi,How can I start learning machine learning?,2026-03-14 04:21:00,2026-03-14,2026-03,2026,2026-09-02 17:11:10.752603
252,1,Programming,Mumbai,How can I improve my programming skills?,2026-04-01 18:10:00,2026-04-01,2026-04,2026,2026-09-02 17:11:10.752603
253,7,Business,Mumbai,How can I prepare for a technical interview?,2026-04-17 14:41:00,2026-04-17,2026-04,2026,2026-09-02 17:11:10.752603
254,27,Business,Chennai,What is data engineering?,2026-06-12 16:23:00,2026-06-12,2026-06,2026,2026-09-02 17:11:10.752603
255,15,Education,Jaipur,What is data engineering?,2026-01-09 14:43:00,2026-01-09,2026-01,2026,2026-09-02 17:11:10.752603
256,29,Education,Mumbai,How can I learn data analytics?,2026-04-14 21:09:00,2026-04-14,2026-04,2026,2026-09-02 17:11:10.752603
257,6,Technology,Pune,How can I learn Python?,2026-04-26 05:24:00,2026-04-26,2026-04,2026,2026-09-02 17:11:10.752603
258,15,Technology,Pune,What is the difference between SQL and NoSQL?,2026-06-10 12:45:00,2026-06-10,2026-06,2026,2026-09-02 17:11:10.752603
259,2,Education,Bangalore,How can I improve my programming skills?,2026-04-02 21:24:00,2026-04-02,2026-04,2026,2026-09-02 17:11:10.752603
260,27,Programming,Ahmedabad,How can I learn Python?,2026-06-06 00:37:00,2026-06-06,2026-06,2026,2026-09-02 17:11:10.752603
261,7,Education,Jaipur,What is data engineering?,2026-01-18 04:52:00,2026-01-18,2026-01,2026,2026-09-02 17:11:10.752603
262,22,Programming,Ahmedabad,What is data engineering?,2026-04-29 21:30:00,2026-04-29,2026-04,2026,2026-09-02 17:11:10.752603
263,7,Health,Hyderabad,How can I learn data analytics?,2026-04-11 18:48:00,2026-04-11,2026-04,2026,2026-09-02 17:11:10.752603
264,8,Technology,Bangalore,How can I improve my programming skills?,2026-04-09 18:19:00,2026-04-09,2026-04,2026,2026-09-02 17:11:10.752603
265,23,Education,Mumbai,How can I improve my programming skills?,2026-05-29 14:58:00,2026-05-29,2026-05,2026,2026-09-02 17:11:10.752603
266,21,Business,Bangalore,How can I improve my career skills?,2026-06-09 00:03:00,2026-06-09,2026-06,2026,2026-09-02 17:11:10.752603
267,4,Education,Delhi,How can I improve my career skills?,2026-02-12 12:10:00,2026-02-12,2026-02,2026,2026-09-02 17:11:10.752603
268,1,Technology,Jaipur,What is data engineering?,2026-03-18 01:48:00,2026-03-18,2026-03,2026,2026-09-02 17:11:10.752603
269,27,Technology,Pune,How can I learn data analytics?,2026-03-07 19:18:00,2026-03-07,2026-03,2026,2026-09-02 17:11:10.752603
270,9,Business,Ahmedabad,How can I learn Python?,2026-01-22 09:51:00,2026-01-22,2026-01,2026,2026-09-02 17:11:10.752603
271,5,Education,Delhi,What is the best way to learn SQL?,2026-04-16 13:01:00,2026-04-16,2026-04,2026,2026-09-02 17:11:10.752603
272,9,Health,Ahmedabad,What is the best way to learn SQL?,2026-05-27 16:15:00,2026-05-27,2026-05,2026,2026-09-02 17:11:10.752603
273,15,Education,Ahmedabad,What is the difference between SQL and NoSQL?,2026-04-25 13:04:00,2026-04-25,2026-04,2026,2026-09-02 17:11:10.752603
274,2,Education,Delhi,What is the difference between SQL and NoSQL?,2026-06-06 17:02:00,2026-06-06,2026-06,2026,2026-09-02 17:11:10.752603
275,9,Education,Ahmedabad,What is the difference between SQL and NoSQL?,2026-01-28 08:25:00,2026-01-28,2026-01,2026,2026-09-02 17:11:10.752603
276,19,Technology,Jaipur,What is the difference between SQL and NoSQL?,2026-03-18 15:27:00,2026-03-18,2026-03,2026,2026-09-02 17:11:10.752603
277,12,Career,Pune,What is the best way to learn SQL?,2026-05-02 19:48:00,2026-05-02,2026-05,2026,2026-09-02 17:11:10.752603
278,18,Technology,Ahmedabad,How can I improve my programming skills?,2026-06-10 09:36:00,2026-06-10,2026-06,2026,2026-09-02 17:11:10.752603
279,18,Business,Pune,How can I start learning machine learning?,2026-05-17 23:01:00,2026-05-17,2026-05,2026,2026-09-02 17:11:10.752603
280,21,Business,Mumbai,How can I prepare for a technical interview?,2026-06-15 22:39:00,2026-06-15,2026-06,2026,2026-09-02 17:11:10.752603
281,21,Career,Bangalore,What is the difference between SQL and NoSQL?,2026-05-24 22:27:00,2026-05-24,2026-05,2026,2026-09-02 17:11:10.752603
282,29,Education,Bangalore,What is the difference between SQL and NoSQL?,2026-06-22 15:00:00,2026-06-22,2026-06,2026,2026-09-02 17:11:10.752603
283,21,Career,Bangalore,How can I learn Python?,2026-03-11 10:54:00,2026-03-11,2026-03,2026,2026-09-02 17:11:10.752603
284,19,Health,Bangalore,What is the best way to learn SQL?,2026-03-19 06:24:00,2026-03-19,2026-03,2026,2026-09-02 17:11:10.752603
285,17,Education,Jaipur,How can I prepare for a technical interview?,2026-06-08 01:37:00,2026-06-08,2026-06,2026,2026-09-02 17:11:10.752603
286,26,Career,Mumbai,How can I improve my programming skills?,2026-03-31 05:55:00,2026-03-31,2026-03,2026,2026-09-02 17:11:10.752603
287,30,Programming,Delhi,What is the best way to learn SQL?,2026-05-08 16:12:00,2026-05-08,2026-05,2026,2026-09-02 17:11:10.752603
288,13,Technology,Pune,What is the best way to learn SQL?,2026-04-14 14:01:00,2026-04-14,2026-04,2026,2026-09-02 17:11:10.752603
289,26,Career,Ahmedabad,How can I improve my career skills?,2026-05-15 15:55:00,2026-05-15,2026-05,2026,2026-09-02 17:11:10.752603
290,5,General,Hyderabad,How can I improve my career skills?,2026-02-11 09:31:00,2026-02-11,2026-02,2026,2026-09-02 17:11:10.752603
291,21,Programming,Ahmedabad,What is data engineering?,2026-06-26 05:42:00,2026-06-26,2026-06,2026,2026-09-02 17:11:10.752603
292,21,General,Mumbai,What is the difference between SQL and NoSQL?,2026-05-05 00:13:00,2026-05-05,2026-05,2026,2026-09-02 17:11:10.752603
293,3,Technology,Mumbai,How can I learn data analytics?,2026-06-21 05:12:00,2026-06-21,2026-06,2026,2026-09-02 17:11:10.752603
294,2,Education,Hyderabad,How can I improve my programming skills?,2026-03-30 15:24:00,2026-03-30,2026-03,2026,2026-09-02 17:11:10.752603
295,8,General,Bangalore,What is the difference between SQL and NoSQL?,2026-03-18 16:28:00,2026-03-18,2026-03,2026,2026-09-02 17:11:10.752603
296,23,General,Delhi,How can I learn Python?,2026-02-07 14:23:00,2026-02-07,2026-02,2026,2026-09-02 17:11:10.752603
297,29,General,Bangalore,What is data engineering?,2026-05-15 11:49:00,2026-05-15,2026-05,2026,2026-09-02 17:11:10.752603
298,13,Programming,Mumbai,How can I improve my career skills?,2026-05-02 23:37:00,2026-05-02,2026-05,2026,2026-09-02 17:11:10.752603
299,15,General,Ahmedabad,What is the best way to learn SQL?,2026-06-08 18:01:00,2026-06-08,2026-06,2026,2026-09-02 17:11:10.752603
300,26,Health,Hyderabad,How can I start learning machine learning?,2026-05-26 22:57:00,2026-05-26,2026-05,2026,2026-09-02 17:11:10.752603
301,2,Career,Bangalore,How can I improve my career skills?,2026-05-14 12:50:00,2026-05-14,2026-05,2026,2026-09-02 17:11:10.752603
302,7,Career,Mumbai,What is the best way to learn SQL?,2026-05-07 11:00:00,2026-05-07,2026-05,2026,2026-09-02 17:11:10.752603
303,15,General,Hyderabad,What is the difference between SQL and NoSQL?,2026-05-01 14:36:00,2026-05-01,2026-05,2026,2026-09-02 17:11:10.752603
304,21,General,Delhi,How can I learn Python?,2026-01-27 08:18:00,2026-01-27,2026-01,2026,2026-09-02 17:11:10.752603
305,19,Programming,Chennai,How can I start learning machine learning?,2026-01-12 18:53:00,2026-01-12,2026-01,2026,2026-09-02 17:11:10.752603
306,29,Education,Ahmedabad,What is data engineering?,2026-03-22 21:04:00,2026-03-22,2026-03,2026,2026-09-02 17:11:10.752603
307,14,Health,Mumbai,How can I prepare for a technical interview?,2026-06-15 13:52:00,2026-06-15,2026-06,2026,2026-09-02 17:11:10.752603
308,28,Programming,Ahmedabad,How can I prepare for a technical interview?,2026-04-25 18:26:00,2026-04-25,2026-04,2026,2026-09-02 17:11:10.752603
309,12,Programming,Bangalore,How can I improve my programming skills?,2026-02-08 18:03:00,2026-02-08,2026-02,2026,2026-09-02 17:11:10.752603
310,10,Health,Jaipur,What are good resources for learning technology?,2026-06-16 21:28:00,2026-06-16,2026-06,2026,2026-09-02 17:11:10.752603
311,3,Technology,Delhi,How can I improve my programming skills?,2026-05-28 14:50:00,2026-05-28,2026-05,2026,2026-09-02 17:11:10.752603
312,20,Technology,Ahmedabad,How can I start learning machine learning?,2026-03-01 12:22:00,2026-03-01,2026-03,2026,2026-09-02 17:11:10.752603
313,1,Education,Jaipur,What is the best way to learn SQL?,2026-01-09 09:27:00,2026-01-09,2026-01,2026,2026-09-02 17:11:10.752603
314,10,Education,Jaipur,How can I start learning machine learning?,2026-06-15 19:07:00,2026-06-15,2026-06,2026,2026-09-02 17:11:10.752603
315,20,Technology,Jaipur,How can I learn Python?,2026-03-14 16:05:00,2026-03-14,2026-03,2026,2026-09-02 17:11:10.752603
316,21,Business,Pune,How can I improve my programming skills?,2026-04-05 16:51:00,2026-04-05,2026-04,2026,2026-09-02 17:11:10.752603
317,17,Education,Pune,How can I learn Python?,2026-01-07 15:10:00,2026-01-07,2026-01,2026,2026-09-02 17:11:10.752603
318,19,Health,Delhi,How can I improve my career skills?,2026-04-14 01:31:00,2026-04-14,2026-04,2026,2026-09-02 17:11:10.752603
319,5,Business,Hyderabad,How can I learn Python?,2026-02-08 02:33:00,2026-02-08,2026-02,2026,2026-09-02 17:11:10.752603
320,25,General,Bangalore,What is the best way to learn SQL?,2026-05-31 10:31:00,2026-05-31,2026-05,2026,2026-09-02 17:11:10.752603
321,10,Technology,Pune,How can I start learning machine learning?,2026-05-30 10:07:00,2026-05-30,2026-05,2026,2026-09-02 17:11:10.752603
322,27,Technology,Ahmedabad,How can I start learning machine learning?,2026-04-06 23:55:00,2026-04-06,2026-04,2026,2026-09-02 17:11:10.752603
323,20,Career,Pune,What is data engineering?,2026-03-28 17:40:00,2026-03-28,2026-03,2026,2026-09-02 17:11:10.752603
324,8,Programming,Chennai,How can I improve my programming skills?,2026-04-24 04:19:00,2026-04-24,2026-04,2026,2026-09-02 17:11:10.752603
325,8,Programming,Chennai,How can I improve my career skills?,2026-01-16 19:11:00,2026-01-16,2026-01,2026,2026-09-02 17:11:10.752603
326,21,Career,Bangalore,How can I start learning machine learning?,2026-05-05 01:32:00,2026-05-05,2026-05,2026,2026-09-02 17:11:10.752603
327,17,Education,Hyderabad,What is data engineering?,2026-03-21 07:27:00,2026-03-21,2026-03,2026,2026-09-02 17:11:10.752603
328,23,General,Chennai,How can I improve my programming skills?,2026-05-03 07:29:00,2026-05-03,2026-05,2026,2026-09-02 17:11:10.752603
329,4,Programming,Pune,How can I start learning machine learning?,2026-01-06 01:31:00,2026-01-06,2026-01,2026,2026-09-02 17:11:10.752603
330,7,Health,Bangalore,What are good resources for learning technology?,2026-04-29 01:37:00,2026-04-29,2026-04,2026,2026-09-02 17:11:10.752603
331,25,General,Pune,What is the best way to learn SQL?,2026-04-07 04:53:00,2026-04-07,2026-04,2026,2026-09-02 17:11:10.752603
332,29,General,Bangalore,What is data engineering?,2026-03-12 13:15:00,2026-03-12,2026-03,2026,2026-09-02 17:11:10.752603
333,3,Career,Chennai,How can I prepare for a technical interview?,2026-01-26 14:31:00,2026-01-26,2026-01,2026,2026-09-02 17:11:10.752603
334,8,Health,Pune,How can I prepare for a technical interview?,2026-05-30 05:06:00,2026-05-30,2026-05,2026,2026-09-02 17:11:10.752603
335,25,Education,Pune,How can I prepare for a technical interview?,2026-01-16 02:14:00,2026-01-16,2026-01,2026,2026-09-02 17:11:10.752603
336,26,Education,Pune,What is the best way to learn SQL?,2026-05-29 17:01:00,2026-05-29,2026-05,2026,2026-09-02 17:11:10.752603
337,30,Business,Chennai,How can I improve my career skills?,2026-05-10 01:29:00,2026-05-10,2026-05,2026,2026-09-02 17:11:10.752603
338,16,Health,Pune,How can I learn data analytics?,2026-06-23 22:33:00,2026-06-23,2026-06,2026,2026-09-02 17:11:10.752603
339,23,Health,Chennai,How can I learn data analytics?,2026-02-11 16:34:00,2026-02-11,2026-02,2026,2026-09-02 17:11:10.752603
340,24,Technology,Hyderabad,What is the difference between SQL and NoSQL?,2026-05-25 01:02:00,2026-05-25,2026-05,2026,2026-09-02 17:11:10.752603
341,23,Business,Delhi,What is the best way to learn SQL?,2026-05-30 01:07:00,2026-05-30,2026-05,2026,2026-09-02 17:11:10.752603
342,25,Technology,Ahmedabad,What is the best way to learn SQL?,2026-02-16 11:44:00,2026-02-16,2026-02,2026,2026-09-02 17:11:10.752603
343,15,Business,Jaipur,How can I improve my career skills?,2026-03-03 19:51:00,2026-03-03,2026-03,2026,2026-09-02 17:11:10.752603
344,30,Education,Delhi,How can I improve my career skills?,2026-05-03 21:13:00,2026-05-03,2026-05,2026,2026-09-02 17:11:10.752603
345,8,Programming,Chennai,How can I improve my career skills?,2026-02-15 04:18:00,2026-02-15,2026-02,2026,2026-09-02 17:11:10.752603
346,4,Career,Delhi,How can I improve my programming skills?,2026-02-15 22:56:00,2026-02-15,2026-02,2026,2026-09-02 17:11:10.752603
347,27,Technology,Chennai,How can I learn data analytics?,2026-02-26 10:50:00,2026-02-26,2026-02,2026,2026-09-02 17:11:10.752603
348,26,Business,Bangalore,How can I learn Python?,2026-03-04 06:24:00,2026-03-04,2026-03,2026,2026-09-02 17:11:10.752603
349,5,Education,Ahmedabad,What is data engineering?,2026-04-19 14:07:00,2026-04-19,2026-04,2026,2026-09-02 17:11:10.752603
350,14,General,Pune,What is the difference between SQL and NoSQL?,2026-04-23 04:28:00,2026-04-23,2026-04,2026,2026-09-02 17:11:10.752603
351,29,Programming,Jaipur,What are good resources for learning technology?,2026-05-06 07:07:00,2026-05-06,2026-05,2026,2026-09-02 17:11:10.752603
352,8,Education,Mumbai,What is the best way to learn SQL?,2026-01-14 12:07:00,2026-01-14,2026-01,2026,2026-09-02 17:11:10.752603
353,19,General,Mumbai,What is data engineering?,2026-05-22 17:25:00,2026-05-22,2026-05,2026,2026-09-02 17:11:10.752603
354,13,Programming,Delhi,How can I improve my programming skills?,2026-01-29 13:15:00,2026-01-29,2026-01,2026,2026-09-02 17:11:10.752603
355,11,General,Jaipur,What are good resources for learning technology?,2026-04-19 22:04:00,2026-04-19,2026-04,2026,2026-09-02 17:11:10.752603
356,15,Education,Jaipur,What is the difference between SQL and NoSQL?,2026-06-22 21:56:00,2026-06-22,2026-06,2026,2026-09-02 17:11:10.752603
357,27,Education,Bangalore,How can I learn data analytics?,2026-06-26 00:05:00,2026-06-26,2026-06,2026,2026-09-02 17:11:10.752603
358,11,Health,Hyderabad,How can I improve my programming skills?,2026-03-05 17:21:00,2026-03-05,2026-03,2026,2026-09-02 17:11:10.752603
359,21,Health,Hyderabad,How can I improve my programming skills?,2026-05-09 16:48:00,2026-05-09,2026-05,2026,2026-09-02 17:11:10.752603
360,14,General,Ahmedabad,What are good resources for learning technology?,2026-01-09 15:44:00,2026-01-09,2026-01,2026,2026-09-02 17:11:10.752603
361,28,Career,Delhi,How can I prepare for a technical interview?,2026-02-08 04:38:00,2026-02-08,2026-02,2026,2026-09-02 17:11:10.752603
362,13,General,Pune,How can I improve my career skills?,2026-03-03 03:21:00,2026-03-03,2026-03,2026,2026-09-02 17:11:10.752603
363,23,Programming,Ahmedabad,How can I prepare for a technical interview?,2026-04-24 12:27:00,2026-04-24,2026-04,2026,2026-09-02 17:11:10.752603
364,22,Career,Mumbai,How can I learn Python?,2026-02-01 06:29:00,2026-02-01,2026-02,2026,2026-09-02 17:11:10.752603
365,28,Health,Pune,What are good resources for learning technology?,2026-06-26 09:24:00,2026-06-26,2026-06,2026,2026-09-02 17:11:10.752603
366,3,Career,Ahmedabad,How can I learn data analytics?,2026-03-28 21:14:00,2026-03-28,2026-03,2026,2026-09-02 17:11:10.752603
367,6,Education,Bangalore,How can I learn data analytics?,2026-05-06 01:38:00,2026-05-06,2026-05,2026,2026-09-02 17:11:10.752603
368,12,General,Jaipur,How can I learn Python?,2026-05-29 03:30:00,2026-05-29,2026-05,2026,2026-09-02 17:11:10.752603
369,23,Education,Mumbai,How can I prepare for a technical interview?,2026-04-05 00:03:00,2026-04-05,2026-04,2026,2026-09-02 17:11:10.752603
370,1,Business,Chennai,How can I learn data analytics?,2026-01-21 02:58:00,2026-01-21,2026-01,2026,2026-09-02 17:11:10.752603
371,6,Education,Pune,How can I start learning machine learning?,2026-02-09 05:41:00,2026-02-09,2026-02,2026,2026-09-02 17:11:10.752603
372,22,Career,Bangalore,What are good resources for learning technology?,2026-05-18 03:12:00,2026-05-18,2026-05,2026,2026-09-02 17:11:10.752603
373,8,Health,Jaipur,How can I start learning machine learning?,2026-04-07 00:37:00,2026-04-07,2026-04,2026,2026-09-02 17:11:10.752603
374,1,Career,Ahmedabad,How can I learn data analytics?,2026-01-09 21:00:00,2026-01-09,2026-01,2026,2026-09-02 17:11:10.752603
375,7,Programming,Jaipur,What are good resources for learning technology?,2026-06-17 16:58:00,2026-06-17,2026-06,2026,2026-09-02 17:11:10.752603
376,10,Health,Jaipur,How can I learn Python?,2026-04-06 13:37:00,2026-04-06,2026-04,2026,2026-09-02 17:11:10.752603
377,19,Career,Ahmedabad,How can I learn Python?,2026-06-23 15:30:00,2026-06-23,2026-06,2026,2026-09-02 17:11:10.752603
378,7,Education,Pune,How can I improve my career skills?,2026-05-06 21:28:00,2026-05-06,2026-05,2026,2026-09-02 17:11:10.752603
379,10,General,Hyderabad,How can I learn data analytics?,2026-04-10 17:50:00,2026-04-10,2026-04,2026,2026-09-02 17:11:10.752603
380,21,Programming,Mumbai,What is the difference between SQL and NoSQL?,2026-06-01 22:59:00,2026-06-01,2026-06,2026,2026-09-02 17:11:10.752603
381,17,General,Pune,What is data engineering?,2026-04-06 04:54:00,2026-04-06,2026-04,2026,2026-09-02 17:11:10.752603
382,18,General,Delhi,How can I learn Python?,2026-02-01 04:06:00,2026-02-01,2026-02,2026,2026-09-02 17:11:10.752603
383,6,Programming,Pune,How can I start learning machine learning?,2026-04-26 08:16:00,2026-04-26,2026-04,2026,2026-09-02 17:11:10.752603
384,3,Programming,Ahmedabad,How can I learn Python?,2026-03-10 13:37:00,2026-03-10,2026-03,2026,2026-09-02 17:11:10.752603
385,26,Programming,Mumbai,How can I learn data analytics?,2026-02-01 11:25:00,2026-02-01,2026-02,2026,2026-09-02 17:11:10.752603
386,18,Business,Hyderabad,How can I improve my programming skills?,2026-06-22 02:34:00,2026-06-22,2026-06,2026,2026-09-02 17:11:10.752603
387,5,Education,Bangalore,How can I improve my programming skills?,2026-04-30 14:51:00,2026-04-30,2026-04,2026,2026-09-02 17:11:10.752603
388,6,General,Jaipur,What is the difference between SQL and NoSQL?,2026-01-15 06:54:00,2026-01-15,2026-01,2026,2026-09-02 17:11:10.752603
389,5,Career,Mumbai,How can I prepare for a technical interview?,2026-01-26 07:01:00,2026-01-26,2026-01,2026,2026-09-02 17:11:10.752603
390,6,Career,Hyderabad,How can I learn data analytics?,2026-04-10 12:56:00,2026-04-10,2026-04,2026,2026-09-02 17:11:10.752603
391,26,Technology,Chennai,How can I improve my career skills?,2026-01-05 21:10:00,2026-01-05,2026-01,2026,2026-09-02 17:11:10.752603
392,5,Programming,Jaipur,How can I improve my career skills?,2026-05-03 20:00:00,2026-05-03,2026-05,2026,2026-09-02 17:11:10.752603
393,2,Business,Hyderabad,What is the difference between SQL and NoSQL?,2026-06-11 01:01:00,2026-06-11,2026-06,2026,2026-09-02 17:11:10.752603
394,14,Career,Delhi,What is the best way to learn SQL?,2026-05-08 08:37:00,2026-05-08,2026-05,2026,2026-09-02 17:11:10.752603
395,25,Business,Hyderabad,How can I improve my career skills?,2026-06-12 22:45:00,2026-06-12,2026-06,2026,2026-09-02 17:11:10.752603
396,22,Technology,Hyderabad,How can I start learning machine learning?,2026-04-07 09:12:00,2026-04-07,2026-04,2026,2026-09-02 17:11:10.752603
397,14,Education,Bangalore,How can I learn Python?,2026-05-03 02:44:00,2026-05-03,2026-05,2026,2026-09-02 17:11:10.752603
398,26,Programming,Bangalore,How can I start learning machine learning?,2026-02-14 08:41:00,2026-02-14,2026-02,2026,2026-09-02 17:11:10.752603
399,3,General,Chennai,How can I improve my career skills?,2026-03-24 06:25:00,2026-03-24,2026-03,2026,2026-09-02 17:11:10.752603
400,26,Health,Mumbai,What are good resources for learning technology?,2026-02-28 08:21:00,2026-02-28,2026-02,2026,2026-09-02 17:11:10.752603
401,27,Programming,Ahmedabad,How can I improve my career skills?,2026-01-27 03:01:00,2026-01-27,2026-01,2026,2026-09-02 17:11:10.752603
402,5,Health,Pune,What is the best way to learn SQL?,2026-02-19 11:26:00,2026-02-19,2026-02,2026,2026-09-02 17:11:10.752603
403,30,General,Ahmedabad,What are good resources for learning technology?,2026-01-26 04:39:00,2026-01-26,2026-01,2026,2026-09-02 17:11:10.752603
404,27,Technology,Delhi,How can I improve my career skills?,2026-06-28 12:27:00,2026-06-28,2026-06,2026,2026-09-02 17:11:10.752603
405,5,Technology,Mumbai,What is the difference between SQL and NoSQL?,2026-03-16 17:36:00,2026-03-16,2026-03,2026,2026-09-02 17:11:10.752603
406,30,Education,Chennai,What are good resources for learning technology?,2026-01-04 09:59:00,2026-01-04,2026-01,2026,2026-09-02 17:11:10.752603
407,30,Education,Chennai,How can I prepare for a technical interview?,2026-01-31 09:24:00,2026-01-31,2026-01,2026,2026-09-02 17:11:10.752603
408,16,Education,Bangalore,How can I prepare for a technical interview?,2026-02-24 07:39:00,2026-02-24,2026-02,2026,2026-09-02 17:11:10.752603
409,25,Education,Bangalore,What is the best way to learn SQL?,2026-05-02 09:55:00,2026-05-02,2026-05,2026,2026-09-02 17:11:10.752603
410,5,Career,Bangalore,How can I learn data analytics?,2026-04-11 07:30:00,2026-04-11,2026-04,2026,2026-09-02 17:11:10.752603
411,18,Programming,Ahmedabad,How can I improve my career skills?,2026-06-18 10:33:00,2026-06-18,2026-06,2026,2026-09-02 17:11:10.752603
412,22,Career,Bangalore,What are good resources for learning technology?,2026-04-10 20:20:00,2026-04-10,2026-04,2026,2026-09-02 17:11:10.752603
413,9,Business,Pune,What is the best way to learn SQL?,2026-02-24 15:00:00,2026-02-24,2026-02,2026,2026-09-02 17:11:10.752603
414,17,Health,Ahmedabad,What is the best way to learn SQL?,2026-06-28 11:54:00,2026-06-28,2026-06,2026,2026-09-02 17:11:10.752603
415,6,Health,Mumbai,What is the difference between SQL and NoSQL?,2026-02-18 08:12:00,2026-02-18,2026-02,2026,2026-09-02 17:11:10.752603
416,30,Health,Mumbai,How can I learn Python?,2026-02-16 18:40:00,2026-02-16,2026-02,2026,2026-09-02 17:11:10.752603
417,27,Programming,Jaipur,What is the difference between SQL and NoSQL?,2026-06-26 19:02:00,2026-06-26,2026-06,2026,2026-09-02 17:11:10.752603
418,15,Career,Chennai,How can I improve my programming skills?,2026-04-03 06:55:00,2026-04-03,2026-04,2026,2026-09-02 17:11:10.752603
419,24,General,Bangalore,How can I prepare for a technical interview?,2026-01-02 17:03:00,2026-01-02,2026-01,2026,2026-09-02 17:11:10.752603
420,13,Programming,Pune,What is the best way to learn SQL?,2026-04-19 08:05:00,2026-04-19,2026-04,2026,2026-09-02 17:11:10.752603
421,28,Programming,Delhi,What is the best way to learn SQL?,2026-05-10 00:21:00,2026-05-10,2026-05,2026,2026-09-02 17:11:10.752603
422,30,General,Bangalore,How can I start learning machine learning?,2026-03-12 20:38:00,2026-03-12,2026-03,2026,2026-09-02 17:11:10.752603
423,4,Health,Mumbai,What are good resources for learning technology?,2026-03-25 03:51:00,2026-03-25,2026-03,2026,2026-09-02 17:11:10.752603
424,28,Career,Bangalore,How can I start learning machine learning?,2026-05-31 09:16:00,2026-05-31,2026-05,2026,2026-09-02 17:11:10.752603
425,26,Health,Ahmedabad,What are good resources for learning technology?,2026-04-18 04:00:00,2026-04-18,2026-04,2026,2026-09-02 17:11:10.752603
426,15,Programming,Ahmedabad,How can I improve my career skills?,2026-06-14 21:50:00,2026-06-14,2026-06,2026,2026-09-02 17:11:10.752603
427,9,General,Ahmedabad,What is data engineering?,2026-06-13 21:27:00,2026-06-13,2026-06,2026,2026-09-02 17:11:10.752603
428,19,Career,Ahmedabad,How can I improve my programming skills?,2026-06-18 13:55:00,2026-06-18,2026-06,2026,2026-09-02 17:11:10.752603
429,21,General,Bangalore,How can I learn data analytics?,2026-03-04 13:22:00,2026-03-04,2026-03,2026,2026-09-02 17:11:10.752603
430,11,Business,Delhi,How can I learn Python?,2026-04-26 11:54:00,2026-04-26,2026-04,2026,2026-09-02 17:11:10.752603
431,26,Health,Bangalore,What is data engineering?,2026-03-01 07:09:00,2026-03-01,2026-03,2026,2026-09-02 17:11:10.752603
432,4,General,Ahmedabad,What are good resources for learning technology?,2026-02-01 16:26:00,2026-02-01,2026-02,2026,2026-09-02 17:11:10.752603
433,22,Technology,Ahmedabad,What is the best way to learn SQL?,2026-05-13 23:44:00,2026-05-13,2026-05,2026,2026-09-02 17:11:10.752603
434,21,Business,Delhi,How can I prepare for a technical interview?,2026-03-31 22:47:00,2026-03-31,2026-03,2026,2026-09-02 17:11:10.752603
435,22,Business,Chennai,What are good resources for learning technology?,2026-02-26 13:19:00,2026-02-26,2026-02,2026,2026-09-02 17:11:10.752603
436,20,Career,Mumbai,How can I improve my programming skills?,2026-04-29 06:41:00,2026-04-29,2026-04,2026,2026-09-02 17:11:10.752603
437,23,Programming,Jaipur,How can I prepare for a technical interview?,2026-06-28 16:37:00,2026-06-28,2026-06,2026,2026-09-02 17:11:10.752603
438,21,Technology,Pune,How can I learn data analytics?,2026-06-29 22:50:00,2026-06-29,2026-06,2026,2026-09-02 17:11:10.752603
439,18,Business,Jaipur,How can I improve my programming skills?,2026-03-06 17:49:00,2026-03-06,2026-03,2026,2026-09-02 17:11:10.752603
440,27,Technology,Mumbai,How can I improve my career skills?,2026-06-04 14:35:00,2026-06-04,2026-06,2026,2026-09-02 17:11:10.752603
441,30,Education,Mumbai,How can I improve my career skills?,2026-02-22 06:33:00,2026-02-22,2026-02,2026,2026-09-02 17:11:10.752603
442,12,Programming,Chennai,What is data engineering?,2026-05-20 17:13:00,2026-05-20,2026-05,2026,2026-09-02 17:11:10.752603
443,20,Technology,Ahmedabad,What is the best way to learn SQL?,2026-05-30 03:44:00,2026-05-30,2026-05,2026,2026-09-02 17:11:10.752603
444,12,Technology,Hyderabad,What is the best way to learn SQL?,2026-06-16 09:33:00,2026-06-16,2026-06,2026,2026-09-02 17:11:10.752603
445,21,Technology,Ahmedabad,What are good resources for learning technology?,2026-02-25 10:40:00,2026-02-25,2026-02,2026,2026-09-02 17:11:10.752603
446,12,Business,Jaipur,How can I improve my career skills?,2026-05-25 10:37:00,2026-05-25,2026-05,2026,2026-09-02 17:11:10.752603
447,8,Education,Hyderabad,What are good resources for learning technology?,2026-01-07 04:32:00,2026-01-07,2026-01,2026,2026-09-02 17:11:10.752603
448,30,General,Delhi,How can I learn Python?,2026-03-23 13:36:00,2026-03-23,2026-03,2026,2026-09-02 17:11:10.752603
449,2,Health,Chennai,How can I improve my career skills?,2026-04-18 10:01:00,2026-04-18,2026-04,2026,2026-09-02 17:11:10.752603
450,1,Programming,Ahmedabad,How can I prepare for a technical interview?,2026-05-23 05:55:00,2026-05-23,2026-05,2026,2026-09-02 17:11:10.752603
451,23,Health,Delhi,What are good resources for learning technology?,2026-02-24 19:19:00,2026-02-24,2026-02,2026,2026-09-02 17:11:10.752603
452,23,Education,Mumbai,How can I start learning machine learning?,2026-05-26 06:02:00,2026-05-26,2026-05,2026,2026-09-02 17:11:10.752603
453,18,Education,Pune,What is the best way to learn SQL?,2026-04-05 04:36:00,2026-04-05,2026-04,2026,2026-09-02 17:11:10.752603
454,26,Health,Pune,How can I start learning machine learning?,2026-01-07 00:54:00,2026-01-07,2026-01,2026,2026-09-02 17:11:10.752603
455,26,Education,Jaipur,What is the difference between SQL and NoSQL?,2026-01-29 06:47:00,2026-01-29,2026-01,2026,2026-09-02 17:11:10.752603
456,23,Technology,Chennai,What are good resources for learning technology?,2026-03-24 22:06:00,2026-03-24,2026-03,2026,2026-09-02 17:11:10.752603
457,3,General,Bangalore,What are good resources for learning technology?,2026-06-01 04:55:00,2026-06-01,2026-06,2026,2026-09-02 17:11:10.752603
458,10,Health,Ahmedabad,What is the best way to learn SQL?,2026-02-17 17:19:00,2026-02-17,2026-02,2026,2026-09-02 17:11:10.752603
459,17,Education,Ahmedabad,How can I improve my career skills?,2026-03-20 01:52:00,2026-03-20,2026-03,2026,2026-09-02 17:11:10.752603
460,5,Education,Mumbai,How can I improve my career skills?,2026-05-05 13:12:00,2026-05-05,2026-05,2026,2026-09-02 17:11:10.752603
461,25,Programming,Hyderabad,How can I start learning machine learning?,2026-05-28 21:39:00,2026-05-28,2026-05,2026,2026-09-02 17:11:10.752603
462,8,Career,Chennai,How can I prepare for a technical interview?,2026-06-09 08:59:00,2026-06-09,2026-06,2026,2026-09-02 17:11:10.752603
463,30,Programming,Chennai,How can I start learning machine learning?,2026-05-24 15:56:00,2026-05-24,2026-05,2026,2026-09-02 17:11:10.752603
464,19,Programming,Jaipur,How can I learn data analytics?,2026-03-12 09:51:00,2026-03-12,2026-03,2026,2026-09-02 17:11:10.752603
465,30,Health,Mumbai,What is the difference between SQL and NoSQL?,2026-01-03 01:54:00,2026-01-03,2026-01,2026,2026-09-02 17:11:10.752603
466,12,Education,Pune,How can I improve my programming skills?,2026-04-24 19:09:00,2026-04-24,2026-04,2026,2026-09-02 17:11:10.752603
467,13,Business,Bangalore,What is data engineering?,2026-06-26 17:59:00,2026-06-26,2026-06,2026,2026-09-02 17:11:10.752603
468,11,Programming,Mumbai,How can I improve my programming skills?,2026-04-15 22:28:00,2026-04-15,2026-04,2026,2026-09-02 17:11:10.752603
469,21,Health,Ahmedabad,How can I start learning machine learning?,2026-01-09 02:51:00,2026-01-09,2026-01,2026,2026-09-02 17:11:10.752603
470,14,Technology,Mumbai,How can I learn data analytics?,2026-03-18 03:56:00,2026-03-18,2026-03,2026,2026-09-02 17:11:10.752603
471,23,Technology,Chennai,What are good resources for learning technology?,2026-01-24 17:40:00,2026-01-24,2026-01,2026,2026-09-02 17:11:10.752603
472,10,Health,Mumbai,How can I improve my career skills?,2026-01-13 17:37:00,2026-01-13,2026-01,2026,2026-09-02 17:11:10.752603
473,18,Education,Delhi,What is the difference between SQL and NoSQL?,2026-04-15 16:56:00,2026-04-15,2026-04,2026,2026-09-02 17:11:10.752603
474,9,Business,Pune,What is data engineering?,2026-02-22 22:23:00,2026-02-22,2026-02,2026,2026-09-02 17:11:10.752603
475,10,Programming,Bangalore,What is the best way to learn SQL?,2026-06-01 19:30:00,2026-06-01,2026-06,2026,2026-09-02 17:11:10.752603
476,5,Programming,Pune,How can I prepare for a technical interview?,2026-05-25 18:09:00,2026-05-25,2026-05,2026,2026-09-02 17:11:10.752603
477,12,Programming,Chennai,How can I learn data analytics?,2026-04-19 03:18:00,2026-04-19,2026-04,2026,2026-09-02 17:11:10.752603
478,9,Programming,Mumbai,What is the best way to learn SQL?,2026-03-12 09:50:00,2026-03-12,2026-03,2026,2026-09-02 17:11:10.752603
479,18,Programming,Chennai,How can I improve my career skills?,2026-04-05 00:39:00,2026-04-05,2026-04,2026,2026-09-02 17:11:10.752603
480,5,Career,Chennai,How can I start learning machine learning?,2026-06-04 05:12:00,2026-06-04,2026-06,2026,2026-09-02 17:11:10.752603
481,5,Technology,Bangalore,How can I learn Python?,2026-06-06 21:32:00,2026-06-06,2026-06,2026,2026-09-02 17:11:10.752603
482,10,Education,Bangalore,How can I prepare for a technical interview?,2026-02-05 00:09:00,2026-02-05,2026-02,2026,2026-09-02 17:11:10.752603
483,25,Career,Delhi,How can I start learning machine learning?,2026-01-31 13:08:00,2026-01-31,2026-01,2026,2026-09-02 17:11:10.752603
484,1,Technology,Delhi,How can I improve my career skills?,2026-03-03 15:11:00,2026-03-03,2026-03,2026,2026-09-02 17:11:10.752603
485,28,Health,Jaipur,How can I learn Python?,2026-05-31 18:50:00,2026-05-31,2026-05,2026,2026-09-02 17:11:10.752603
486,2,Health,Delhi,What is the best way to learn SQL?,2026-06-02 17:53:00,2026-06-02,2026-06,2026,2026-09-02 17:11:10.752603
487,16,General,Jaipur,How can I start learning machine learning?,2026-06-18 20:38:00,2026-06-18,2026-06,2026,2026-09-02 17:11:10.752603
488,18,Business,Delhi,What is the best way to learn SQL?,2026-05-13 13:17:00,2026-05-13,2026-05,2026,2026-09-02 17:11:10.752603
489,19,Health,Chennai,How can I improve my career skills?,2026-01-23 06:56:00,2026-01-23,2026-01,2026,2026-09-02 17:11:10.752603
490,12,Education,Pune,What is the best way to learn SQL?,2026-02-23 00:20:00,2026-02-23,2026-02,2026,2026-09-02 17:11:10.752603
491,27,Health,Hyderabad,How can I improve my career skills?,2026-03-03 14:36:00,2026-03-03,2026-03,2026,2026-09-02 17:11:10.752603
492,20,Health,Bangalore,What are good resources for learning technology?,2026-06-12 01:29:00,2026-06-12,2026-06,2026,2026-09-02 17:11:10.752603
493,14,General,Jaipur,What is the difference between SQL and NoSQL?,2026-03-13 20:46:00,2026-03-13,2026-03,2026,2026-09-02 17:11:10.752603
494,1,Education,Hyderabad,What is the best way to learn SQL?,2026-03-02 09:11:00,2026-03-02,2026-03,2026,2026-09-02 17:11:10.752603
495,8,Health,Delhi,How can I prepare for a technical interview?,2026-03-16 23:42:00,2026-03-16,2026-03,2026,2026-09-02 17:11:10.752603
496,25,Programming,Ahmedabad,How can I learn Python?,2026-04-11 22:33:00,2026-04-11,2026-04,2026,2026-09-02 17:11:10.752603
497,22,Career,Bangalore,How can I learn data analytics?,2026-01-11 21:38:00,2026-01-11,2026-01,2026,2026-09-02 17:11:10.752603
498,27,Business,Hyderabad,What is data engineering?,2026-01-04 23:22:00,2026-01-04,2026-01,2026,2026-09-02 17:11:10.752603
499,17,Business,Hyderabad,How can I prepare for a technical interview?,2026-02-10 04:35:00,2026-02-10,2026-02,2026,2026-09-02 17:11:10.752603
500,17,Programming,Ahmedabad,How can I start learning machine learning?,2026-02-12 20:08:00,2026-02-12,2026-02,2026,2026-09-02 17:11:10.752603
501,25,Health,Bangalore,How can I learn data analytics?,2026-03-10 00:43:00,2026-03-10,2026-03,2026,2026-09-02 17:11:10.752603
502,29,Technology,Hyderabad,What is the difference between SQL and NoSQL?,2026-03-22 07:11:00,2026-03-22,2026-03,2026,2026-09-02 17:11:10.752603
503,9,Health,Hyderabad,How can I start learning machine learning?,2026-05-30 03:15:00,2026-05-30,2026-05,2026,2026-09-02 17:11:10.752603
504,1,Business,Jaipur,What are good resources for learning technology?,2026-05-03 16:43:00,2026-05-03,2026-05,2026,2026-09-02 17:11:10.752603
505,9,General,Bangalore,What are good resources for learning technology?,2026-06-29 15:26:00,2026-06-29,2026-06,2026,2026-09-02 17:11:10.752603
506,25,Education,Delhi,How can I improve my programming skills?,2026-05-23 16:32:00,2026-05-23,2026-05,2026,2026-09-02 17:11:10.752603
507,16,Education,Hyderabad,How can I improve my career skills?,2026-05-31 10:51:00,2026-05-31,2026-05,2026,2026-09-02 17:11:10.752603
508,23,Health,Chennai,What is the difference between SQL and NoSQL?,2026-01-25 22:43:00,2026-01-25,2026-01,2026,2026-09-02 17:11:10.752603
509,2,Technology,Hyderabad,What is data engineering?,2026-01-21 18:40:00,2026-01-21,2026-01,2026,2026-09-02 17:11:10.752603
510,25,Programming,Delhi,What are good resources for learning technology?,2026-02-17 10:40:00,2026-02-17,2026-02,2026,2026-09-02 17:11:10.752603
511,1,Programming,Hyderabad,How can I improve my career skills?,2026-02-06 15:34:00,2026-02-06,2026-02,2026,2026-09-02 17:11:10.752603
512,23,Technology,Pune,What is data engineering?,2026-01-09 07:36:00,2026-01-09,2026-01,2026,2026-09-02 17:11:10.752603
513,6,General,Hyderabad,What is the difference between SQL and NoSQL?,2026-02-01 21:38:00,2026-02-01,2026-02,2026,2026-09-02 17:11:10.752603
514,8,Education,Mumbai,What is data engineering?,2026-05-06 13:11:00,2026-05-06,2026-05,2026,2026-09-02 17:11:10.752603
515,29,Education,Chennai,What is the best way to learn SQL?,2026-02-05 06:37:00,2026-02-05,2026-02,2026,2026-09-02 17:11:10.752603
516,21,Education,Pune,How can I improve my programming skills?,2026-02-21 06:47:00,2026-02-21,2026-02,2026,2026-09-02 17:11:10.752603
517,28,General,Pune,What are good resources for learning technology?,2026-01-07 20:38:00,2026-01-07,2026-01,2026,2026-09-02 17:11:10.752603
518,3,Health,Pune,How can I learn Python?,2026-03-04 15:48:00,2026-03-04,2026-03,2026,2026-09-02 17:11:10.752603
519,12,Business,Pune,What is data engineering?,2026-01-20 10:04:00,2026-01-20,2026-01,2026,2026-09-02 17:11:10.752603
520,13,Technology,Jaipur,What is the best way to learn SQL?,2026-01-03 21:48:00,2026-01-03,2026-01,2026,2026-09-02 17:11:10.752603
521,24,General,Chennai,What is data engineering?,2026-06-22 15:41:00,2026-06-22,2026-06,2026,2026-09-02 17:11:10.752603
522,8,General,Mumbai,How can I start learning machine learning?,2026-05-12 03:46:00,2026-05-12,2026-05,2026,2026-09-02 17:11:10.752603
523,20,Education,Hyderabad,What is the best way to learn SQL?,2026-04-27 18:13:00,2026-04-27,2026-04,2026,2026-09-02 17:11:10.752603
524,7,Business,Mumbai,How can I start learning machine learning?,2026-03-24 18:28:00,2026-03-24,2026-03,2026,2026-09-02 17:11:10.752603
525,10,Programming,Mumbai,What are good resources for learning technology?,2026-01-15 10:59:00,2026-01-15,2026-01,2026,2026-09-02 17:11:10.752603
526,12,Technology,Jaipur,What are good resources for learning technology?,2026-03-27 15:02:00,2026-03-27,2026-03,2026,2026-09-02 17:11:10.752603
527,16,Career,Chennai,How can I improve my career skills?,2026-01-20 13:46:00,2026-01-20,2026-01,2026,2026-09-02 17:11:10.752603
528,12,Technology,Pune,What is data engineering?,2026-04-14 10:52:00,2026-04-14,2026-04,2026,2026-09-02 17:11:10.752603
529,10,Programming,Pune,What is the best way to learn SQL?,2026-06-20 12:38:00,2026-06-20,2026-06,2026,2026-09-02 17:11:10.752603
530,6,General,Delhi,How can I learn Python?,2026-03-21 11:12:00,2026-03-21,2026-03,2026,2026-09-02 17:11:10.752603
531,18,General,Bangalore,How can I learn data analytics?,2026-02-19 14:18:00,2026-02-19,2026-02,2026,2026-09-02 17:11:10.752603
532,9,Health,Mumbai,How can I start learning machine learning?,2026-02-12 17:23:00,2026-02-12,2026-02,2026,2026-09-02 17:11:10.752603
533,26,Business,Delhi,How can I prepare for a technical interview?,2026-06-08 17:47:00,2026-06-08,2026-06,2026,2026-09-02 17:11:10.752603
534,23,Business,Bangalore,What are good resources for learning technology?,2026-01-24 21:54:00,2026-01-24,2026-01,2026,2026-09-02 17:11:10.752603
535,3,Education,Jaipur,What is the best way to learn SQL?,2026-06-23 05:05:00,2026-06-23,2026-06,2026,2026-09-02 17:11:10.752603
536,17,Education,Hyderabad,How can I start learning machine learning?,2026-05-13 04:57:00,2026-05-13,2026-05,2026,2026-09-02 17:11:10.752603
537,27,Education,Jaipur,How can I learn Python?,2026-06-28 22:24:00,2026-06-28,2026-06,2026,2026-09-02 17:11:10.752603
538,4,Programming,Delhi,How can I start learning machine learning?,2026-05-12 05:54:00,2026-05-12,2026-05,2026,2026-09-02 17:11:10.752603
539,4,Technology,Chennai,What is data engineering?,2026-02-17 10:50:00,2026-02-17,2026-02,2026,2026-09-02 17:11:10.752603
540,6,Business,Ahmedabad,How can I learn data analytics?,2026-05-11 00:12:00,2026-05-11,2026-05,2026,2026-09-02 17:11:10.752603
541,2,Education,Jaipur,How can I prepare for a technical interview?,2026-05-18 17:16:00,2026-05-18,2026-05,2026,2026-09-02 17:11:10.752603
542,23,Programming,Ahmedabad,How can I learn Python?,2026-03-26 14:31:00,2026-03-26,2026-03,2026,2026-09-02 17:11:10.752603
543,15,Programming,Bangalore,What is data engineering?,2026-04-10 23:43:00,2026-04-10,2026-04,2026,2026-09-02 17:11:10.752603
544,15,Technology,Ahmedabad,How can I improve my career skills?,2026-04-14 10:15:00,2026-04-14,2026-04,2026,2026-09-02 17:11:10.752603
545,12,Health,Mumbai,How can I improve my career skills?,2026-05-22 09:56:00,2026-05-22,2026-05,2026,2026-09-02 17:11:10.752603
546,1,General,Hyderabad,How can I start learning machine learning?,2026-01-26 23:53:00,2026-01-26,2026-01,2026,2026-09-02 17:11:10.752603
547,26,Education,Ahmedabad,How can I learn Python?,2026-04-11 15:58:00,2026-04-11,2026-04,2026,2026-09-02 17:11:10.752603
548,5,General,Bangalore,How can I improve my career skills?,2026-06-05 13:39:00,2026-06-05,2026-06,2026,2026-09-02 17:11:10.752603
549,16,Business,Chennai,How can I learn Python?,2026-01-07 08:39:00,2026-01-07,2026-01,2026,2026-09-02 17:11:10.752603
550,11,Technology,Pune,What is data engineering?,2026-01-22 17:33:00,2026-01-22,2026-01,2026,2026-09-02 17:11:10.752603
551,30,Business,Bangalore,How can I improve my career skills?,2026-04-20 22:04:00,2026-04-20,2026-04,2026,2026-09-02 17:11:10.752603
552,17,General,Delhi,How can I prepare for a technical interview?,2026-04-24 12:35:00,2026-04-24,2026-04,2026,2026-09-02 17:11:10.752603
553,16,Business,Ahmedabad,What is data engineering?,2026-05-09 09:55:00,2026-05-09,2026-05,2026,2026-09-02 17:11:10.752603
554,19,Technology,Mumbai,What is data engineering?,2026-05-02 05:04:00,2026-05-02,2026-05,2026,2026-09-02 17:11:10.752603
555,11,Programming,Mumbai,How can I start learning machine learning?,2026-03-14 04:48:00,2026-03-14,2026-03,2026,2026-09-02 17:11:10.752603
556,22,Education,Ahmedabad,How can I improve my career skills?,2026-06-29 19:18:00,2026-06-29,2026-06,2026,2026-09-02 17:11:10.752603
557,25,Health,Chennai,How can I learn data analytics?,2026-06-08 18:46:00,2026-06-08,2026-06,2026,2026-09-02 17:11:10.752603
558,29,Business,Mumbai,What is data engineering?,2026-01-24 21:15:00,2026-01-24,2026-01,2026,2026-09-02 17:11:10.752603
559,14,Education,Ahmedabad,What is the best way to learn SQL?,2026-02-08 04:51:00,2026-02-08,2026-02,2026,2026-09-02 17:11:10.752603
560,24,Health,Hyderabad,What is the best way to learn SQL?,2026-05-10 01:01:00,2026-05-10,2026-05,2026,2026-09-02 17:11:10.752603
561,21,Health,Hyderabad,What is data engineering?,2026-02-15 13:54:00,2026-02-15,2026-02,2026,2026-09-02 17:11:10.752603
562,16,Career,Pune,How can I improve my career skills?,2026-02-04 09:37:00,2026-02-04,2026-02,2026,2026-09-02 17:11:10.752603
563,29,Health,Chennai,How can I prepare for a technical interview?,2026-06-27 15:08:00,2026-06-27,2026-06,2026,2026-09-02 17:11:10.752603
564,2,General,Chennai,What is the best way to learn SQL?,2026-02-16 01:11:00,2026-02-16,2026-02,2026,2026-09-02 17:11:10.752603
565,16,Health,Bangalore,What is the difference between SQL and NoSQL?,2026-02-08 07:54:00,2026-02-08,2026-02,2026,2026-09-02 17:11:10.752603
566,9,Technology,Chennai,How can I learn Python?,2026-06-01 09:48:00,2026-06-01,2026-06,2026,2026-09-02 17:11:10.752603
567,18,General,Jaipur,What is the difference between SQL and NoSQL?,2026-02-14 17:46:00,2026-02-14,2026-02,2026,2026-09-02 17:11:10.752603
568,30,Programming,Hyderabad,What is the best way to learn SQL?,2026-06-22 08:27:00,2026-06-22,2026-06,2026,2026-09-02 17:11:10.752603
569,23,Education,Mumbai,How can I improve my programming skills?,2026-03-02 00:09:00,2026-03-02,2026-03,2026,2026-09-02 17:11:10.752603
570,2,Business,Jaipur,What is the difference between SQL and NoSQL?,2026-03-08 04:19:00,2026-03-08,2026-03,2026,2026-09-02 17:11:10.752603
571,8,Programming,Delhi,What is data engineering?,2026-05-02 16:44:00,2026-05-02,2026-05,2026,2026-09-02 17:11:10.752603
572,8,Health,Ahmedabad,How can I learn Python?,2026-01-14 17:06:00,2026-01-14,2026-01,2026,2026-09-02 17:11:10.752603
573,22,Health,Ahmedabad,What is the best way to learn SQL?,2026-06-11 17:27:00,2026-06-11,2026-06,2026,2026-09-02 17:11:10.752603
574,13,Business,Pune,How can I learn Python?,2026-06-27 04:18:00,2026-06-27,2026-06,2026,2026-09-02 17:11:10.752603
575,13,Business,Ahmedabad,What is the best way to learn SQL?,2026-03-19 12:45:00,2026-03-19,2026-03,2026,2026-09-02 17:11:10.752603
576,16,Career,Chennai,What is data engineering?,2026-03-17 08:50:00,2026-03-17,2026-03,2026,2026-09-02 17:11:10.752603
577,20,Health,Pune,What are good resources for learning technology?,2026-03-10 18:55:00,2026-03-10,2026-03,2026,2026-09-02 17:11:10.752603
578,6,Health,Hyderabad,How can I start learning machine learning?,2026-03-02 11:10:00,2026-03-02,2026-03,2026,2026-09-02 17:11:10.752603
579,30,Education,Delhi,What are good resources for learning technology?,2026-03-03 03:00:00,2026-03-03,2026-03,2026,2026-09-02 17:11:10.752603
580,25,Programming,Bangalore,What is the best way to learn SQL?,2026-05-04 05:29:00,2026-05-04,2026-05,2026,2026-09-02 17:11:10.752603
581,24,Programming,Hyderabad,What is the best way to learn SQL?,2026-04-24 05:32:00,2026-04-24,2026-04,2026,2026-09-02 17:11:10.752603
582,15,Technology,Ahmedabad,How can I prepare for a technical interview?,2026-05-25 20:26:00,2026-05-25,2026-05,2026,2026-09-02 17:11:10.752603
583,20,Programming,Ahmedabad,How can I improve my career skills?,2026-01-31 06:58:00,2026-01-31,2026-01,2026,2026-09-02 17:11:10.752603
584,2,General,Hyderabad,What is data engineering?,2026-01-02 04:52:00,2026-01-02,2026-01,2026,2026-09-02 17:11:10.752603
585,23,Technology,Pune,How can I improve my career skills?,2026-05-17 07:01:00,2026-05-17,2026-05,2026,2026-09-02 17:11:10.752603
586,19,Technology,Delhi,What is the difference between SQL and NoSQL?,2026-01-12 04:44:00,2026-01-12,2026-01,2026,2026-09-02 17:11:10.752603
587,30,Programming,Hyderabad,How can I learn Python?,2026-06-12 23:35:00,2026-06-12,2026-06,2026,2026-09-02 17:11:10.752603
588,21,Career,Bangalore,What is the best way to learn SQL?,2026-06-07 05:32:00,2026-06-07,2026-06,2026,2026-09-02 17:11:10.752603
589,3,Health,Hyderabad,How can I improve my programming skills?,2026-06-27 14:21:00,2026-06-27,2026-06,2026,2026-09-02 17:11:10.752603
590,30,Technology,Hyderabad,What are good resources for learning technology?,2026-02-21 09:09:00,2026-02-21,2026-02,2026,2026-09-02 17:11:10.752603
591,3,Education,Delhi,What is the best way to learn SQL?,2026-01-24 17:06:00,2026-01-24,2026-01,2026,2026-09-02 17:11:10.752603
592,28,Career,Mumbai,How can I start learning machine learning?,2026-02-06 06:17:00,2026-02-06,2026-02,2026,2026-09-02 17:11:10.752603
593,4,Education,Mumbai,How can I learn Python?,2026-06-25 07:17:00,2026-06-25,2026-06,2026,2026-09-02 17:11:10.752603
594,2,General,Mumbai,How can I start learning machine learning?,2026-05-07 04:00:00,2026-05-07,2026-05,2026,2026-09-02 17:11:10.752603
595,1,Technology,Jaipur,How can I learn data analytics?,2026-06-19 07:04:00,2026-06-19,2026-06,2026,2026-09-02 17:11:10.752603
596,29,Business,Chennai,How can I improve my programming skills?,2026-01-05 21:48:00,2026-01-05,2026-01,2026,2026-09-02 17:11:10.752603
597,19,General,Hyderabad,How can I prepare for a technical interview?,2026-05-25 10:09:00,2026-05-25,2026-05,2026,2026-09-02 17:11:10.752603
598,26,Health,Jaipur,What is data engineering?,2026-01-13 21:54:00,2026-01-13,2026-01,2026,2026-09-02 17:11:10.752603
599,30,General,Bangalore,How can I improve my programming skills?,2026-04-04 06:59:00,2026-04-04,2026-04,2026,2026-09-02 17:11:10.752603
600,12,Career,Hyderabad,How can I prepare for a technical interview?,2026-01-01 12:18:00,2026-01-01,2026-01,2026,2026-09-02 17:11:10.752603
601,24,Business,Pune,What are good resources for learning technology?,2026-01-23 00:33:00,2026-01-23,2026-01,2026,2026-09-02 17:11:10.752603
602,8,Health,Hyderabad,What is the best way to learn SQL?,2026-05-08 13:36:00,2026-05-08,2026-05,2026,2026-09-02 17:11:10.752603
603,13,General,Ahmedabad,How can I start learning machine learning?,2026-02-14 14:15:00,2026-02-14,2026-02,2026,2026-09-02 17:11:10.752603
604,12,Education,Hyderabad,What is the difference between SQL and NoSQL?,2026-06-03 08:48:00,2026-06-03,2026-06,2026,2026-09-02 17:11:10.752603
605,1,Technology,Hyderabad,How can I learn data analytics?,2026-01-15 19:49:00,2026-01-15,2026-01,2026,2026-09-02 17:11:10.752603
606,22,Business,Bangalore,What are good resources for learning technology?,2026-04-17 17:40:00,2026-04-17,2026-04,2026,2026-09-02 17:11:10.752603
607,20,Programming,Mumbai,How can I learn data analytics?,2026-03-26 10:55:00,2026-03-26,2026-03,2026,2026-09-02 17:11:10.752603
608,18,Education,Hyderabad,What is the difference between SQL and NoSQL?,2026-01-06 22:13:00,2026-01-06,2026-01,2026,2026-09-02 17:11:10.752603
609,3,Education,Mumbai,What are good resources for learning technology?,2026-04-26 07:32:00,2026-04-26,2026-04,2026,2026-09-02 17:11:10.752603
610,8,Programming,Pune,How can I learn data analytics?,2026-06-09 02:57:00,2026-06-09,2026-06,2026,2026-09-02 17:11:10.752603
611,28,Business,Pune,How can I improve my career skills?,2026-03-16 22:07:00,2026-03-16,2026-03,2026,2026-09-02 17:11:10.752603
612,5,Business,Ahmedabad,How can I learn Python?,2026-05-14 23:40:00,2026-05-14,2026-05,2026,2026-09-02 17:11:10.752603
613,26,Education,Chennai,What is the difference between SQL and NoSQL?,2026-03-27 22:13:00,2026-03-27,2026-03,2026,2026-09-02 17:11:10.752603
614,17,Education,Mumbai,How can I learn Python?,2026-03-24 05:24:00,2026-03-24,2026-03,2026,2026-09-02 17:11:10.752603
615,20,Education,Pune,What are good resources for learning technology?,2026-01-03 12:40:00,2026-01-03,2026-01,2026,2026-09-02 17:11:10.752603
616,10,Technology,Delhi,How can I learn data analytics?,2026-03-08 01:58:00,2026-03-08,2026-03,2026,2026-09-02 17:11:10.752603
617,3,Technology,Mumbai,How can I learn Python?,2026-03-02 02:21:00,2026-03-02,2026-03,2026,2026-09-02 17:11:10.752603
618,7,Technology,Hyderabad,What is data engineering?,2026-03-29 03:24:00,2026-03-29,2026-03,2026,2026-09-02 17:11:10.752603
619,3,Career,Bangalore,How can I learn data analytics?,2026-01-02 16:59:00,2026-01-02,2026-01,2026,2026-09-02 17:11:10.752603
620,26,Health,Pune,How can I learn data analytics?,2026-05-29 08:18:00,2026-05-29,2026-05,2026,2026-09-02 17:11:10.752603
621,27,Technology,Pune,How can I prepare for a technical interview?,2026-05-08 20:24:00,2026-05-08,2026-05,2026,2026-09-02 17:11:10.752603
622,15,General,Bangalore,How can I start learning machine learning?,2026-01-24 22:14:00,2026-01-24,2026-01,2026,2026-09-02 17:11:10.752603
623,15,Programming,Mumbai,How can I improve my career skills?,2026-02-16 07:41:00,2026-02-16,2026-02,2026,2026-09-02 17:11:10.752603
624,3,Business,Hyderabad,How can I start learning machine learning?,2026-04-12 06:03:00,2026-04-12,2026-04,2026,2026-09-02 17:11:10.752603
625,2,Career,Bangalore,How can I improve my career skills?,2026-01-06 03:36:00,2026-01-06,2026-01,2026,2026-09-02 17:11:10.752603
626,21,Career,Hyderabad,How can I start learning machine learning?,2026-05-23 07:48:00,2026-05-23,2026-05,2026,2026-09-02 17:11:10.752603
627,23,Technology,Hyderabad,How can I learn data analytics?,2026-02-17 02:08:00,2026-02-17,2026-02,2026,2026-09-02 17:11:10.752603
628,9,Business,Bangalore,What are good resources for learning technology?,2026-03-31 02:18:00,2026-03-31,2026-03,2026,2026-09-02 17:11:10.752603
629,24,General,Delhi,How can I improve my programming skills?,2026-05-12 08:58:00,2026-05-12,2026-05,2026,2026-09-02 17:11:10.752603
630,28,Business,Delhi,What are good resources for learning technology?,2026-03-23 14:26:00,2026-03-23,2026-03,2026,2026-09-02 17:11:10.752603
631,26,Technology,Jaipur,What are good resources for learning technology?,2026-04-07 14:51:00,2026-04-07,2026-04,2026,2026-09-02 17:11:10.752603
632,30,General,Hyderabad,What is data engineering?,2026-05-20 22:57:00,2026-05-20,2026-05,2026,2026-09-02 17:11:10.752603
633,11,Technology,Chennai,How can I learn data analytics?,2026-06-29 05:50:00,2026-06-29,2026-06,2026,2026-09-02 17:11:10.752603
634,29,Technology,Delhi,How can I prepare for a technical interview?,2026-04-22 02:49:00,2026-04-22,2026-04,2026,2026-09-02 17:11:10.752603
635,22,Business,Chennai,What are good resources for learning technology?,2026-06-01 17:10:00,2026-06-01,2026-06,2026,2026-09-02 17:11:10.752603
636,24,Business,Mumbai,How can I prepare for a technical interview?,2026-04-10 04:48:00,2026-04-10,2026-04,2026,2026-09-02 17:11:10.752603
637,26,Career,Chennai,How can I prepare for a technical interview?,2026-01-21 09:41:00,2026-01-21,2026-01,2026,2026-09-02 17:11:10.752603
638,17,Business,Hyderabad,What is the difference between SQL and NoSQL?,2026-01-08 07:39:00,2026-01-08,2026-01,2026,2026-09-02 17:11:10.752603
639,26,Health,Hyderabad,How can I learn data analytics?,2026-06-13 23:21:00,2026-06-13,2026-06,2026,2026-09-02 17:11:10.752603
640,15,Career,Chennai,How can I improve my programming skills?,2026-01-09 20:07:00,2026-01-09,2026-01,2026,2026-09-02 17:11:10.752603
641,3,Technology,Pune,How can I learn Python?,2026-01-22 18:57:00,2026-01-22,2026-01,2026,2026-09-02 17:11:10.752603
642,26,Education,Jaipur,What is the difference between SQL and NoSQL?,2026-06-16 03:55:00,2026-06-16,2026-06,2026,2026-09-02 17:11:10.752603
643,1,Technology,Jaipur,What is the difference between SQL and NoSQL?,2026-05-31 09:53:00,2026-05-31,2026-05,2026,2026-09-02 17:11:10.752603
644,21,Health,Bangalore,How can I start learning machine learning?,2026-06-01 02:26:00,2026-06-01,2026-06,2026,2026-09-02 17:11:10.752603
645,12,Technology,Delhi,How can I learn data analytics?,2026-06-29 16:24:00,2026-06-29,2026-06,2026,2026-09-02 17:11:10.752603
646,15,Career,Bangalore,How can I prepare for a technical interview?,2026-04-03 02:15:00,2026-04-03,2026-04,2026,2026-09-02 17:11:10.752603
647,17,Education,Delhi,How can I improve my programming skills?,2026-04-04 21:37:00,2026-04-04,2026-04,2026,2026-09-02 17:11:10.752603
648,8,Health,Mumbai,How can I improve my programming skills?,2026-02-06 13:00:00,2026-02-06,2026-02,2026,2026-09-02 17:11:10.752603
649,27,Technology,Jaipur,What is the best way to learn SQL?,2026-02-12 03:17:00,2026-02-12,2026-02,2026,2026-09-02 17:11:10.752603
650,22,Education,Chennai,How can I improve my programming skills?,2026-01-21 16:02:00,2026-01-21,2026-01,2026,2026-09-02 17:11:10.752603
651,18,General,Ahmedabad,How can I improve my career skills?,2026-01-21 23:34:00,2026-01-21,2026-01,2026,2026-09-02 17:11:10.752603
652,13,Education,Hyderabad,What is data engineering?,2026-04-21 03:24:00,2026-04-21,2026-04,2026,2026-09-02 17:11:10.752603
653,15,General,Hyderabad,What is the best way to learn SQL?,2026-02-28 13:44:00,2026-02-28,2026-02,2026,2026-09-02 17:11:10.752603
654,7,Business,Hyderabad,How can I learn Python?,2026-05-16 11:14:00,2026-05-16,2026-05,2026,2026-09-02 17:11:10.752603
655,17,Programming,Bangalore,What is the difference between SQL and NoSQL?,2026-02-13 17:47:00,2026-02-13,2026-02,2026,2026-09-02 17:11:10.752603
656,10,Health,Delhi,How can I prepare for a technical interview?,2026-01-28 20:37:00,2026-01-28,2026-01,2026,2026-09-02 17:11:10.752603
657,8,Health,Bangalore,How can I improve my career skills?,2026-05-12 05:18:00,2026-05-12,2026-05,2026,2026-09-02 17:11:10.752603
658,6,Technology,Jaipur,How can I prepare for a technical interview?,2026-06-17 15:06:00,2026-06-17,2026-06,2026,2026-09-02 17:11:10.752603
659,13,Education,Ahmedabad,What is data engineering?,2026-03-06 04:14:00,2026-03-06,2026-03,2026,2026-09-02 17:11:10.752603
660,8,Programming,Delhi,How can I improve my career skills?,2026-06-02 22:54:00,2026-06-02,2026-06,2026,2026-09-02 17:11:10.752603
661,17,Education,Hyderabad,What is the best way to learn SQL?,2026-05-22 16:06:00,2026-05-22,2026-05,2026,2026-09-02 17:11:10.752603
662,2,Programming,Mumbai,How can I prepare for a technical interview?,2026-06-21 18:57:00,2026-06-21,2026-06,2026,2026-09-02 17:11:10.752603
663,3,Programming,Delhi,How can I prepare for a technical interview?,2026-02-16 00:42:00,2026-02-16,2026-02,2026,2026-09-02 17:11:10.752603
664,17,Programming,Delhi,How can I start learning machine learning?,2026-01-19 21:57:00,2026-01-19,2026-01,2026,2026-09-02 17:11:10.752603
665,8,Programming,Chennai,What are good resources for learning technology?,2026-03-18 21:44:00,2026-03-18,2026-03,2026,2026-09-02 17:11:10.752603
666,4,General,Hyderabad,How can I learn data analytics?,2026-04-10 04:36:00,2026-04-10,2026-04,2026,2026-09-02 17:11:10.752603
667,8,General,Hyderabad,What is data engineering?,2026-01-02 06:02:00,2026-01-02,2026-01,2026,2026-09-02 17:11:10.752603
668,23,Business,Ahmedabad,How can I learn Python?,2026-01-15 03:16:00,2026-01-15,2026-01,2026,2026-09-02 17:11:10.752603
669,27,Business,Pune,How can I start learning machine learning?,2026-06-16 09:45:00,2026-06-16,2026-06,2026,2026-09-02 17:11:10.752603
670,1,Education,Mumbai,How can I start learning machine learning?,2026-03-10 15:08:00,2026-03-10,2026-03,2026,2026-09-02 17:11:10.752603
671,13,Health,Pune,How can I learn Python?,2026-01-11 03:51:00,2026-01-11,2026-01,2026,2026-09-02 17:11:10.752603
672,20,Health,Pune,How can I learn data analytics?,2026-05-21 08:29:00,2026-05-21,2026-05,2026,2026-09-02 17:11:10.752603
673,18,Education,Bangalore,How can I improve my programming skills?,2026-01-19 09:12:00,2026-01-19,2026-01,2026,2026-09-02 17:11:10.752603
674,20,Education,Bangalore,How can I start learning machine learning?,2026-06-27 09:17:00,2026-06-27,2026-06,2026,2026-09-02 17:11:10.752603
675,11,Programming,Hyderabad,How can I start learning machine learning?,2026-01-04 19:50:00,2026-01-04,2026-01,2026,2026-09-02 17:11:10.752603
676,11,Health,Delhi,How can I prepare for a technical interview?,2026-03-11 00:44:00,2026-03-11,2026-03,2026,2026-09-02 17:11:10.752603
677,22,Career,Bangalore,What is the best way to learn SQL?,2026-05-15 00:31:00,2026-05-15,2026-05,2026,2026-09-02 17:11:10.752603
678,3,Education,Chennai,How can I prepare for a technical interview?,2026-04-15 00:52:00,2026-04-15,2026-04,2026,2026-09-02 17:11:10.752603
679,15,Business,Hyderabad,What are good resources for learning technology?,2026-01-17 08:28:00,2026-01-17,2026-01,2026,2026-09-02 17:11:10.752603
680,15,Technology,Bangalore,How can I improve my career skills?,2026-03-24 00:07:00,2026-03-24,2026-03,2026,2026-09-02 17:11:10.752603
681,20,Education,Delhi,How can I learn Python?,2026-05-20 11:19:00,2026-05-20,2026-05,2026,2026-09-02 17:11:10.752603
682,10,Technology,Jaipur,How can I learn Python?,2026-03-16 12:30:00,2026-03-16,2026-03,2026,2026-09-02 17:11:10.752603
683,20,Health,Mumbai,How can I start learning machine learning?,2026-05-09 06:41:00,2026-05-09,2026-05,2026,2026-09-02 17:11:10.752603
684,26,Career,Delhi,How can I learn Python?,2026-04-26 08:38:00,2026-04-26,2026-04,2026,2026-09-02 17:11:10.752603
685,27,General,Mumbai,What are good resources for learning technology?,2026-01-21 06:29:00,2026-01-21,2026-01,2026,2026-09-02 17:11:10.752603
686,19,Programming,Chennai,How can I start learning machine learning?,2026-04-01 23:11:00,2026-04-01,2026-04,2026,2026-09-02 17:11:10.752603
687,4,Education,Pune,How can I start learning machine learning?,2026-01-25 01:44:00,2026-01-25,2026-01,2026,2026-09-02 17:11:10.752603
688,23,Health,Chennai,What is the best way to learn SQL?,2026-03-12 04:57:00,2026-03-12,2026-03,2026,2026-09-02 17:11:10.752603
689,30,General,Delhi,What is data engineering?,2026-03-28 04:27:00,2026-03-28,2026-03,2026,2026-09-02 17:11:10.752603
690,16,Career,Mumbai,How can I improve my programming skills?,2026-03-16 18:05:00,2026-03-16,2026-03,2026,2026-09-02 17:11:10.752603
691,15,Education,Bangalore,How can I learn Python?,2026-04-09 23:13:00,2026-04-09,2026-04,2026,2026-09-02 17:11:10.752603
692,10,Health,Chennai,How can I improve my career skills?,2026-04-14 02:13:00,2026-04-14,2026-04,2026,2026-09-02 17:11:10.752603
693,26,Technology,Mumbai,How can I learn Python?,2026-05-06 10:41:00,2026-05-06,2026-05,2026,2026-09-02 17:11:10.752603
694,16,Technology,Pune,How can I learn Python?,2026-06-21 15:57:00,2026-06-21,2026-06,2026,2026-09-02 17:11:10.752603
695,5,Technology,Chennai,How can I start learning machine learning?,2026-06-28 14:34:00,2026-06-28,2026-06,2026,2026-09-02 17:11:10.752603
696,23,Health,Pune,How can I improve my career skills?,2026-01-10 11:53:00,2026-01-10,2026-01,2026,2026-09-02 17:11:10.752603
697,9,Technology,Mumbai,How can I prepare for a technical interview?,2026-06-27 21:22:00,2026-06-27,2026-06,2026,2026-09-02 17:11:10.752603
698,7,General,Chennai,How can I learn Python?,2026-04-04 16:31:00,2026-04-04,2026-04,2026,2026-09-02 17:11:10.752603
699,27,Health,Chennai,What is data engineering?,2026-04-02 10:19:00,2026-04-02,2026-04,2026,2026-09-02 17:11:10.752603
700,15,General,Pune,How can I improve my programming skills?,2026-05-18 10:14:00,2026-05-18,2026-05,2026,2026-09-02 17:11:10.752603
701,13,Health,Jaipur,How can I prepare for a technical interview?,2026-01-10 01:48:00,2026-01-10,2026-01,2026,2026-09-02 17:11:10.752603
702,10,Technology,Chennai,How can I learn data analytics?,2026-05-29 12:30:00,2026-05-29,2026-05,2026,2026-09-02 17:11:10.752603
703,21,General,Bangalore,What are good resources for learning technology?,2026-05-23 11:23:00,2026-05-23,2026-05,2026,2026-09-02 17:11:10.752603
704,29,Technology,Pune,How can I prepare for a technical interview?,2026-01-06 17:31:00,2026-01-06,2026-01,2026,2026-09-02 17:11:10.752603
705,27,Career,Hyderabad,What is the difference between SQL and NoSQL?,2026-04-28 09:50:00,2026-04-28,2026-04,2026,2026-09-02 17:11:10.752603
706,1,Programming,Pune,How can I prepare for a technical interview?,2026-04-14 22:10:00,2026-04-14,2026-04,2026,2026-09-02 17:11:10.752603
707,4,Health,Bangalore,How can I prepare for a technical interview?,2026-02-20 08:28:00,2026-02-20,2026-02,2026,2026-09-02 17:11:10.752603
708,20,Career,Delhi,How can I improve my career skills?,2026-05-28 06:01:00,2026-05-28,2026-05,2026,2026-09-02 17:11:10.752603
709,29,General,Bangalore,What is the best way to learn SQL?,2026-02-22 01:48:00,2026-02-22,2026-02,2026,2026-09-02 17:11:10.752603
710,2,Technology,Ahmedabad,How can I start learning machine learning?,2026-03-27 23:49:00,2026-03-27,2026-03,2026,2026-09-02 17:11:10.752603
711,26,General,Delhi,How can I learn Python?,2026-05-17 02:27:00,2026-05-17,2026-05,2026,2026-09-02 17:11:10.752603
712,20,General,Ahmedabad,What is the best way to learn SQL?,2026-04-14 20:21:00,2026-04-14,2026-04,2026,2026-09-02 17:11:10.752603
713,17,Technology,Mumbai,What is the difference between SQL and NoSQL?,2026-06-23 17:57:00,2026-06-23,2026-06,2026,2026-09-02 17:11:10.752603
714,16,Programming,Hyderabad,How can I improve my programming skills?,2026-06-11 07:30:00,2026-06-11,2026-06,2026,2026-09-02 17:11:10.752603
715,11,Technology,Chennai,What are good resources for learning technology?,2026-04-06 16:22:00,2026-04-06,2026-04,2026,2026-09-02 17:11:10.752603
716,2,Career,Hyderabad,How can I prepare for a technical interview?,2026-05-28 16:34:00,2026-05-28,2026-05,2026,2026-09-02 17:11:10.752603
717,12,Health,Delhi,What are good resources for learning technology?,2026-05-11 08:05:00,2026-05-11,2026-05,2026,2026-09-02 17:11:10.752603
718,10,Health,Mumbai,How can I learn data analytics?,2026-06-04 16:02:00,2026-06-04,2026-06,2026,2026-09-02 17:11:10.752603
719,15,General,Ahmedabad,How can I prepare for a technical interview?,2026-02-04 00:00:00,2026-02-04,2026-02,2026,2026-09-02 17:11:10.752603
720,25,Education,Ahmedabad,How can I improve my programming skills?,2026-04-26 13:25:00,2026-04-26,2026-04,2026,2026-09-02 17:11:10.752603
721,14,Technology,Jaipur,What is the best way to learn SQL?,2026-05-17 19:57:00,2026-05-17,2026-05,2026,2026-09-02 17:11:10.752603
722,22,Technology,Pune,How can I improve my career skills?,2026-06-12 05:02:00,2026-06-12,2026-06,2026,2026-09-02 17:11:10.752603
723,22,Health,Jaipur,How can I learn data analytics?,2026-02-26 00:24:00,2026-02-26,2026-02,2026,2026-09-02 17:11:10.752603
724,20,Programming,Pune,What are good resources for learning technology?,2026-01-01 00:29:00,2026-01-01,2026-01,2026,2026-09-02 17:11:10.752603
725,20,Technology,Chennai,What is the difference between SQL and NoSQL?,2026-04-29 17:15:00,2026-04-29,2026-04,2026,2026-09-02 17:11:10.752603
726,10,Programming,Chennai,What are good resources for learning technology?,2026-04-17 16:19:00,2026-04-17,2026-04,2026,2026-09-02 17:11:10.752603
727,27,Health,Delhi,How can I start learning machine learning?,2026-06-21 10:28:00,2026-06-21,2026-06,2026,2026-09-02 17:11:10.752603
728,26,Career,Bangalore,How can I improve my programming skills?,2026-04-01 07:22:00,2026-04-01,2026-04,2026,2026-09-02 17:11:10.752603
729,13,Career,Mumbai,How can I improve my programming skills?,2026-01-06 13:12:00,2026-01-06,2026-01,2026,2026-09-02 17:11:10.752603
730,9,Education,Mumbai,What is the difference between SQL and NoSQL?,2026-03-16 04:59:00,2026-03-16,2026-03,2026,2026-09-02 17:11:10.752603
731,17,Programming,Ahmedabad,What is the best way to learn SQL?,2026-06-11 02:04:00,2026-06-11,2026-06,2026,2026-09-02 17:11:10.752603
732,9,Education,Delhi,How can I prepare for a technical interview?,2026-05-17 15:57:00,2026-05-17,2026-05,2026,2026-09-02 17:11:10.752603
733,20,Programming,Pune,How can I learn Python?,2026-05-06 05:05:00,2026-05-06,2026-05,2026,2026-09-02 17:11:10.752603
734,12,Career,Ahmedabad,What are good resources for learning technology?,2026-02-08 20:25:00,2026-02-08,2026-02,2026,2026-09-02 17:11:10.752603
735,3,Technology,Ahmedabad,What is the best way to learn SQL?,2026-06-11 21:05:00,2026-06-11,2026-06,2026,2026-09-02 17:11:10.752603
736,10,Career,Ahmedabad,How can I improve my career skills?,2026-03-02 01:32:00,2026-03-02,2026-03,2026,2026-09-02 17:11:10.752603
737,29,General,Hyderabad,How can I improve my programming skills?,2026-03-28 08:57:00,2026-03-28,2026-03,2026,2026-09-02 17:11:10.752603
738,2,General,Ahmedabad,What is data engineering?,2026-01-21 14:37:00,2026-01-21,2026-01,2026,2026-09-02 17:11:10.752603
739,27,Career,Bangalore,What is the best way to learn SQL?,2026-03-26 22:44:00,2026-03-26,2026-03,2026,2026-09-02 17:11:10.752603
740,14,Business,Jaipur,How can I learn Python?,2026-03-05 19:58:00,2026-03-05,2026-03,2026,2026-09-02 17:11:10.752603
741,5,Career,Delhi,How can I start learning machine learning?,2026-06-08 00:00:00,2026-06-08,2026-06,2026,2026-09-02 17:11:10.752603
742,27,Education,Pune,What is data engineering?,2026-05-19 07:14:00,2026-05-19,2026-05,2026,2026-09-02 17:11:10.752603
743,9,Programming,Pune,What is data engineering?,2026-02-04 23:40:00,2026-02-04,2026-02,2026,2026-09-02 17:11:10.752603
744,9,Business,Ahmedabad,How can I learn Python?,2026-02-06 09:37:00,2026-02-06,2026-02,2026,2026-09-02 17:11:10.752603
745,3,Education,Jaipur,How can I prepare for a technical interview?,2026-04-12 22:36:00,2026-04-12,2026-04,2026,2026-09-02 17:11:10.752603
746,19,General,Mumbai,How can I start learning machine learning?,2026-03-16 08:06:00,2026-03-16,2026-03,2026,2026-09-02 17:11:10.752603
747,29,Education,Pune,What are good resources for learning technology?,2026-06-12 11:07:00,2026-06-12,2026-06,2026,2026-09-02 17:11:10.752603
748,3,Business,Pune,What are good resources for learning technology?,2026-01-05 08:06:00,2026-01-05,2026-01,2026,2026-09-02 17:11:10.752603
749,13,Career,Mumbai,How can I start learning machine learning?,2026-05-30 00:13:00,2026-05-30,2026-05,2026,2026-09-02 17:11:10.752603
750,29,Health,Jaipur,How can I start learning machine learning?,2026-02-13 18:27:00,2026-02-13,2026-02,2026,2026-09-02 17:11:10.752603
751,11,Career,Bangalore,What is the difference between SQL and NoSQL?,2026-01-30 07:16:00,2026-01-30,2026-01,2026,2026-09-02 17:11:10.752603
752,16,Health,Pune,What is the best way to learn SQL?,2026-03-04 18:48:00,2026-03-04,2026-03,2026,2026-09-02 17:11:10.752603
753,26,Education,Hyderabad,What are good resources for learning technology?,2026-04-10 23:41:00,2026-04-10,2026-04,2026,2026-09-02 17:11:10.752603
754,14,Programming,Pune,How can I learn data analytics?,2026-02-17 07:32:00,2026-02-17,2026-02,2026,2026-09-02 17:11:10.752603
755,21,General,Delhi,How can I improve my programming skills?,2026-04-21 17:21:00,2026-04-21,2026-04,2026,2026-09-02 17:11:10.752603
756,8,Programming,Ahmedabad,What are good resources for learning technology?,2026-06-24 19:44:00,2026-06-24,2026-06,2026,2026-09-02 17:11:10.752603
757,3,Education,Chennai,What are good resources for learning technology?,2026-03-09 22:57:00,2026-03-09,2026-03,2026,2026-09-02 17:11:10.752603
758,25,Health,Jaipur,How can I improve my career skills?,2026-03-27 17:18:00,2026-03-27,2026-03,2026,2026-09-02 17:11:10.752603
759,18,Business,Jaipur,How can I improve my programming skills?,2026-03-15 15:47:00,2026-03-15,2026-03,2026,2026-09-02 17:11:10.752603
760,12,Career,Chennai,How can I improve my career skills?,2026-06-25 04:59:00,2026-06-25,2026-06,2026,2026-09-02 17:11:10.752603
761,3,Programming,Chennai,How can I prepare for a technical interview?,2026-01-23 04:39:00,2026-01-23,2026-01,2026,2026-09-02 17:11:10.752603
762,19,Programming,Hyderabad,How can I learn data analytics?,2026-04-08 02:48:00,2026-04-08,2026-04,2026,2026-09-02 17:11:10.752603
763,28,Career,Pune,How can I start learning machine learning?,2026-02-17 05:42:00,2026-02-17,2026-02,2026,2026-09-02 17:11:10.752603
764,20,Business,Mumbai,How can I prepare for a technical interview?,2026-04-22 17:06:00,2026-04-22,2026-04,2026,2026-09-02 17:11:10.752603
765,11,Technology,Mumbai,How can I improve my career skills?,2026-03-09 13:29:00,2026-03-09,2026-03,2026,2026-09-02 17:11:10.752603
766,3,Health,Ahmedabad,How can I start learning machine learning?,2026-04-04 07:16:00,2026-04-04,2026-04,2026,2026-09-02 17:11:10.752603
767,20,Career,Bangalore,How can I learn data analytics?,2026-06-17 08:12:00,2026-06-17,2026-06,2026,2026-09-02 17:11:10.752603
768,21,Career,Mumbai,What are good resources for learning technology?,2026-01-13 11:06:00,2026-01-13,2026-01,2026,2026-09-02 17:11:10.752603
769,16,Career,Chennai,What is the difference between SQL and NoSQL?,2026-04-25 04:02:00,2026-04-25,2026-04,2026,2026-09-02 17:11:10.752603
770,10,Education,Jaipur,What is the best way to learn SQL?,2026-01-01 12:51:00,2026-01-01,2026-01,2026,2026-09-02 17:11:10.752603
771,27,Career,Jaipur,What is data engineering?,2026-02-24 02:11:00,2026-02-24,2026-02,2026,2026-09-02 17:11:10.752603
772,10,Programming,Jaipur,How can I prepare for a technical interview?,2026-01-16 06:34:00,2026-01-16,2026-01,2026,2026-09-02 17:11:10.752603
773,8,Education,Ahmedabad,What is the best way to learn SQL?,2026-01-24 11:45:00,2026-01-24,2026-01,2026,2026-09-02 17:11:10.752603
774,27,General,Hyderabad,How can I learn data analytics?,2026-06-24 05:22:00,2026-06-24,2026-06,2026,2026-09-02 17:11:10.752603
775,8,Business,Ahmedabad,What is the best way to learn SQL?,2026-01-17 09:51:00,2026-01-17,2026-01,2026,2026-09-02 17:11:10.752603
776,23,Technology,Delhi,How can I learn data analytics?,2026-02-03 05:22:00,2026-02-03,2026-02,2026,2026-09-02 17:11:10.752603
777,7,Health,Pune,How can I learn data analytics?,2026-01-19 12:32:00,2026-01-19,2026-01,2026,2026-09-02 17:11:10.752603
778,26,Programming,Mumbai,How can I improve my programming skills?,2026-03-23 18:26:00,2026-03-23,2026-03,2026,2026-09-02 17:11:10.752603
779,25,Business,Jaipur,How can I prepare for a technical interview?,2026-04-14 19:39:00,2026-04-14,2026-04,2026,2026-09-02 17:11:10.752603
780,27,General,Ahmedabad,How can I learn Python?,2026-01-06 02:01:00,2026-01-06,2026-01,2026,2026-09-02 17:11:10.752603
781,26,Career,Delhi,What is data engineering?,2026-04-11 19:12:00,2026-04-11,2026-04,2026,2026-09-02 17:11:10.752603
782,30,General,Jaipur,What are good resources for learning technology?,2026-06-12 10:08:00,2026-06-12,2026-06,2026,2026-09-02 17:11:10.752603
783,14,Career,Chennai,What are good resources for learning technology?,2026-02-01 18:00:00,2026-02-01,2026-02,2026,2026-09-02 17:11:10.752603
784,1,Career,Pune,How can I prepare for a technical interview?,2026-04-17 08:33:00,2026-04-17,2026-04,2026,2026-09-02 17:11:10.752603
785,7,Business,Ahmedabad,How can I improve my career skills?,2026-04-09 00:03:00,2026-04-09,2026-04,2026,2026-09-02 17:11:10.752603
786,1,Technology,Bangalore,What is data engineering?,2026-04-13 16:01:00,2026-04-13,2026-04,2026,2026-09-02 17:11:10.752603
787,15,Career,Mumbai,How can I learn Python?,2026-05-01 01:54:00,2026-05-01,2026-05,2026,2026-09-02 17:11:10.752603
788,30,Career,Ahmedabad,What is the difference between SQL and NoSQL?,2026-01-06 18:13:00,2026-01-06,2026-01,2026,2026-09-02 17:11:10.752603
789,28,General,Hyderabad,What is the difference between SQL and NoSQL?,2026-01-02 05:18:00,2026-01-02,2026-01,2026,2026-09-02 17:11:10.752603
790,24,General,Ahmedabad,How can I prepare for a technical interview?,2026-02-13 14:38:00,2026-02-13,2026-02,2026,2026-09-02 17:11:10.752603
791,2,Health,Delhi,How can I improve my programming skills?,2026-01-23 09:16:00,2026-01-23,2026-01,2026,2026-09-02 17:11:10.752603
792,16,Business,Chennai,What is data engineering?,2026-01-08 03:17:00,2026-01-08,2026-01,2026,2026-09-02 17:11:10.752603
793,10,Programming,Mumbai,What is the best way to learn SQL?,2026-05-26 18:07:00,2026-05-26,2026-05,2026,2026-09-02 17:11:10.752603
794,3,Business,Delhi,What is the difference between SQL and NoSQL?,2026-05-02 12:10:00,2026-05-02,2026-05,2026,2026-09-02 17:11:10.752603
795,30,Business,Jaipur,How can I learn Python?,2026-01-18 10:15:00,2026-01-18,2026-01,2026,2026-09-02 17:11:10.752603
796,29,Career,Jaipur,What is the best way to learn SQL?,2026-06-25 00:27:00,2026-06-25,2026-06,2026,2026-09-02 17:11:10.752603
797,5,Education,Ahmedabad,How can I start learning machine learning?,2026-05-11 05:41:00,2026-05-11,2026-05,2026,2026-09-02 17:11:10.752603
798,17,Health,Jaipur,What is the difference between SQL and NoSQL?,2026-05-05 22:21:00,2026-05-05,2026-05,2026,2026-09-02 17:11:10.752603
799,27,Programming,Delhi,How can I prepare for a technical interview?,2026-06-07 09:12:00,2026-06-07,2026-06,2026,2026-09-02 17:11:10.752603
800,11,General,Chennai,How can I start learning machine learning?,2026-03-12 21:40:00,2026-03-12,2026-03,2026,2026-09-02 17:11:10.752603
801,14,Technology,Delhi,How can I start learning machine learning?,2026-02-13 16:58:00,2026-02-13,2026-02,2026,2026-09-02 17:11:10.752603
802,29,Career,Delhi,How can I start learning machine learning?,2026-04-14 13:50:00,2026-04-14,2026-04,2026,2026-09-02 17:11:10.752603
803,8,Education,Jaipur,How can I improve my programming skills?,2026-03-31 18:11:00,2026-03-31,2026-03,2026,2026-09-02 17:11:10.752603
804,9,Programming,Pune,What is the best way to learn SQL?,2026-03-22 11:44:00,2026-03-22,2026-03,2026,2026-09-02 17:11:10.752603
805,30,Career,Hyderabad,How can I improve my programming skills?,2026-02-05 18:51:00,2026-02-05,2026-02,2026,2026-09-02 17:11:10.752603
806,26,Career,Hyderabad,How can I start learning machine learning?,2026-06-22 15:03:00,2026-06-22,2026-06,2026,2026-09-02 17:11:10.752603
807,17,Programming,Bangalore,How can I learn Python?,2026-01-04 11:16:00,2026-01-04,2026-01,2026,2026-09-02 17:11:10.752603
808,23,Technology,Ahmedabad,How can I start learning machine learning?,2026-01-19 03:40:00,2026-01-19,2026-01,2026,2026-09-02 17:11:10.752603
809,13,Education,Chennai,What is the difference between SQL and NoSQL?,2026-02-28 19:42:00,2026-02-28,2026-02,2026,2026-09-02 17:11:10.752603
810,11,Business,Delhi,What is the best way to learn SQL?,2026-04-01 23:10:00,2026-04-01,2026-04,2026,2026-09-02 17:11:10.752603
811,14,Technology,Jaipur,How can I learn data analytics?,2026-03-29 19:21:00,2026-03-29,2026-03,2026,2026-09-02 17:11:10.752603
812,18,Education,Ahmedabad,How can I start learning machine learning?,2026-04-27 12:34:00,2026-04-27,2026-04,2026,2026-09-02 17:11:10.752603
813,10,Business,Ahmedabad,What is the best way to learn SQL?,2026-06-29 08:18:00,2026-06-29,2026-06,2026,2026-09-02 17:11:10.752603
814,23,Education,Mumbai,How can I start learning machine learning?,2026-06-23 20:54:00,2026-06-23,2026-06,2026,2026-09-02 17:11:10.752603
815,18,Business,Jaipur,How can I start learning machine learning?,2026-02-10 06:56:00,2026-02-10,2026-02,2026,2026-09-02 17:11:10.752603
816,26,Technology,Bangalore,What is the difference between SQL and NoSQL?,2026-02-02 19:55:00,2026-02-02,2026-02,2026,2026-09-02 17:11:10.752603
817,29,Education,Chennai,How can I learn Python?,2026-05-20 07:39:00,2026-05-20,2026-05,2026,2026-09-02 17:11:10.752603
818,22,Health,Jaipur,How can I start learning machine learning?,2026-05-11 06:13:00,2026-05-11,2026-05,2026,2026-09-02 17:11:10.752603
819,16,Programming,Jaipur,What are good resources for learning technology?,2026-05-19 06:36:00,2026-05-19,2026-05,2026,2026-09-02 17:11:10.752603
820,16,Career,Delhi,How can I prepare for a technical interview?,2026-05-21 06:37:00,2026-05-21,2026-05,2026,2026-09-02 17:11:10.752603
821,29,Education,Bangalore,How can I learn Python?,2026-01-11 00:34:00,2026-01-11,2026-01,2026,2026-09-02 17:11:10.752603
822,29,Technology,Pune,What is the best way to learn SQL?,2026-05-15 01:56:00,2026-05-15,2026-05,2026,2026-09-02 17:11:10.752603
823,19,Programming,Bangalore,How can I improve my programming skills?,2026-03-14 05:15:00,2026-03-14,2026-03,2026,2026-09-02 17:11:10.752603
824,10,Education,Pune,How can I learn Python?,2026-05-09 06:55:00,2026-05-09,2026-05,2026,2026-09-02 17:11:10.752603
825,14,Business,Delhi,What are good resources for learning technology?,2026-02-10 18:32:00,2026-02-10,2026-02,2026,2026-09-02 17:11:10.752603
826,20,Health,Jaipur,How can I learn Python?,2026-06-08 22:35:00,2026-06-08,2026-06,2026,2026-09-02 17:11:10.752603
827,8,Education,Hyderabad,How can I learn data analytics?,2026-01-12 23:50:00,2026-01-12,2026-01,2026,2026-09-02 17:11:10.752603
828,16,Programming,Delhi,What is the best way to learn SQL?,2026-02-13 17:08:00,2026-02-13,2026-02,2026,2026-09-02 17:11:10.752603
829,11,Business,Chennai,How can I learn data analytics?,2026-06-14 07:24:00,2026-06-14,2026-06,2026,2026-09-02 17:11:10.752603
830,13,Business,Hyderabad,How can I prepare for a technical interview?,2026-06-25 15:34:00,2026-06-25,2026-06,2026,2026-09-02 17:11:10.752603
831,14,Business,Mumbai,How can I start learning machine learning?,2026-01-06 12:04:00,2026-01-06,2026-01,2026,2026-09-02 17:11:10.752603
832,16,Career,Pune,What is data engineering?,2026-03-25 16:24:00,2026-03-25,2026-03,2026,2026-09-02 17:11:10.752603
833,24,Education,Jaipur,How can I prepare for a technical interview?,2026-03-14 12:55:00,2026-03-14,2026-03,2026,2026-09-02 17:11:10.752603
834,4,General,Hyderabad,How can I start learning machine learning?,2026-03-22 06:58:00,2026-03-22,2026-03,2026,2026-09-02 17:11:10.752603
835,9,Technology,Chennai,How can I improve my programming skills?,2026-06-19 00:42:00,2026-06-19,2026-06,2026,2026-09-02 17:11:10.752603
836,9,Technology,Hyderabad,What is data engineering?,2026-02-13 22:08:00,2026-02-13,2026-02,2026,2026-09-02 17:11:10.752603
837,3,Programming,Chennai,How can I improve my career skills?,2026-05-26 07:06:00,2026-05-26,2026-05,2026,2026-09-02 17:11:10.752603
838,8,Business,Ahmedabad,How can I improve my programming skills?,2026-02-21 08:42:00,2026-02-21,2026-02,2026,2026-09-02 17:11:10.752603
839,26,Business,Chennai,What is the difference between SQL and NoSQL?,2026-03-02 04:01:00,2026-03-02,2026-03,2026,2026-09-02 17:11:10.752603
840,29,Business,Ahmedabad,What is the difference between SQL and NoSQL?,2026-01-11 16:59:00,2026-01-11,2026-01,2026,2026-09-02 17:11:10.752603
841,15,Career,Mumbai,How can I learn data analytics?,2026-01-27 10:53:00,2026-01-27,2026-01,2026,2026-09-02 17:11:10.752603
842,1,Career,Pune,How can I learn data analytics?,2026-06-28 09:16:00,2026-06-28,2026-06,2026,2026-09-02 17:11:10.752603
843,17,Technology,Mumbai,How can I prepare for a technical interview?,2026-04-06 07:34:00,2026-04-06,2026-04,2026,2026-09-02 17:11:10.752603
844,18,General,Jaipur,What is the difference between SQL and NoSQL?,2026-04-22 08:03:00,2026-04-22,2026-04,2026,2026-09-02 17:11:10.752603
845,11,Business,Hyderabad,What is data engineering?,2026-05-01 04:28:00,2026-05-01,2026-05,2026,2026-09-02 17:11:10.752603
846,1,Career,Jaipur,How can I improve my career skills?,2026-02-07 12:58:00,2026-02-07,2026-02,2026,2026-09-02 17:11:10.752603
847,27,Technology,Bangalore,How can I improve my programming skills?,2026-05-04 19:05:00,2026-05-04,2026-05,2026,2026-09-02 17:11:10.752603
848,10,Business,Mumbai,How can I improve my programming skills?,2026-06-02 01:06:00,2026-06-02,2026-06,2026,2026-09-02 17:11:10.752603
849,14,Education,Jaipur,How can I learn Python?,2026-05-27 10:07:00,2026-05-27,2026-05,2026,2026-09-02 17:11:10.752603
850,19,Technology,Bangalore,What is data engineering?,2026-04-04 11:33:00,2026-04-04,2026-04,2026,2026-09-02 17:11:10.752603
851,20,Technology,Hyderabad,How can I improve my career skills?,2026-04-04 05:45:00,2026-04-04,2026-04,2026,2026-09-02 17:11:10.752603
852,13,Technology,Hyderabad,What is the best way to learn SQL?,2026-06-02 09:50:00,2026-06-02,2026-06,2026,2026-09-02 17:11:10.752603
853,13,Career,Delhi,How can I start learning machine learning?,2026-05-24 09:41:00,2026-05-24,2026-05,2026,2026-09-02 17:11:10.752603
854,23,General,Mumbai,How can I start learning machine learning?,2026-03-16 19:39:00,2026-03-16,2026-03,2026,2026-09-02 17:11:10.752603
855,16,Programming,Chennai,What is the difference between SQL and NoSQL?,2026-03-25 20:37:00,2026-03-25,2026-03,2026,2026-09-02 17:11:10.752603
856,29,Programming,Pune,What is the best way to learn SQL?,2026-04-29 22:57:00,2026-04-29,2026-04,2026,2026-09-02 17:11:10.752603
857,24,Education,Chennai,What is data engineering?,2026-01-15 22:52:00,2026-01-15,2026-01,2026,2026-09-02 17:11:10.752603
858,25,Programming,Chennai,How can I improve my career skills?,2026-04-11 03:16:00,2026-04-11,2026-04,2026,2026-09-02 17:11:10.752603
859,28,Programming,Bangalore,How can I prepare for a technical interview?,2026-06-22 03:42:00,2026-06-22,2026-06,2026,2026-09-02 17:11:10.752603
860,27,Education,Pune,How can I improve my career skills?,2026-03-14 14:16:00,2026-03-14,2026-03,2026,2026-09-02 17:11:10.752603
861,28,Career,Chennai,How can I improve my career skills?,2026-01-19 14:30:00,2026-01-19,2026-01,2026,2026-09-02 17:11:10.752603
862,2,Education,Ahmedabad,What is the difference between SQL and NoSQL?,2026-02-25 10:18:00,2026-02-25,2026-02,2026,2026-09-02 17:11:10.752603
863,22,Technology,Jaipur,How can I improve my career skills?,2026-03-31 14:34:00,2026-03-31,2026-03,2026,2026-09-02 17:11:10.752603
864,30,Career,Chennai,How can I improve my programming skills?,2026-03-28 12:21:00,2026-03-28,2026-03,2026,2026-09-02 17:11:10.752603
865,17,Technology,Hyderabad,How can I start learning machine learning?,2026-04-12 23:45:00,2026-04-12,2026-04,2026,2026-09-02 17:11:10.752603
866,30,Business,Delhi,How can I prepare for a technical interview?,2026-03-13 14:57:00,2026-03-13,2026-03,2026,2026-09-02 17:11:10.752603
867,9,Programming,Mumbai,How can I improve my career skills?,2026-04-22 05:46:00,2026-04-22,2026-04,2026,2026-09-02 17:11:10.752603
868,4,Career,Ahmedabad,How can I start learning machine learning?,2026-03-17 14:35:00,2026-03-17,2026-03,2026,2026-09-02 17:11:10.752603
869,3,Health,Bangalore,What is the best way to learn SQL?,2026-05-30 13:02:00,2026-05-30,2026-05,2026,2026-09-02 17:11:10.752603
870,11,Programming,Chennai,How can I improve my programming skills?,2026-03-26 01:45:00,2026-03-26,2026-03,2026,2026-09-02 17:11:10.752603
871,26,Programming,Chennai,How can I learn data analytics?,2026-05-21 20:51:00,2026-05-21,2026-05,2026,2026-09-02 17:11:10.752603
872,11,General,Pune,How can I improve my career skills?,2026-06-03 23:32:00,2026-06-03,2026-06,2026,2026-09-02 17:11:10.752603
873,5,Education,Chennai,What is the difference between SQL and NoSQL?,2026-03-01 05:06:00,2026-03-01,2026-03,2026,2026-09-02 17:11:10.752603
874,7,Health,Mumbai,How can I prepare for a technical interview?,2026-05-14 15:04:00,2026-05-14,2026-05,2026,2026-09-02 17:11:10.752603
875,21,Business,Ahmedabad,How can I prepare for a technical interview?,2026-01-04 03:45:00,2026-01-04,2026-01,2026,2026-09-02 17:11:10.752603
876,5,Education,Mumbai,How can I learn Python?,2026-01-25 17:36:00,2026-01-25,2026-01,2026,2026-09-02 17:11:10.752603
877,9,Business,Bangalore,How can I improve my career skills?,2026-02-05 19:06:00,2026-02-05,2026-02,2026,2026-09-02 17:11:10.752603
878,1,Programming,Mumbai,What is the difference between SQL and NoSQL?,2026-05-30 01:19:00,2026-05-30,2026-05,2026,2026-09-02 17:11:10.752603
879,29,Programming,Delhi,How can I start learning machine learning?,2026-02-17 07:45:00,2026-02-17,2026-02,2026,2026-09-02 17:11:10.752603
880,29,Programming,Delhi,What are good resources for learning technology?,2026-02-27 20:55:00,2026-02-27,2026-02,2026,2026-09-02 17:11:10.752603
881,4,Programming,Pune,What is the difference between SQL and NoSQL?,2026-01-18 08:00:00,2026-01-18,2026-01,2026,2026-09-02 17:11:10.752603
882,3,General,Jaipur,How can I learn data analytics?,2026-06-29 11:36:00,2026-06-29,2026-06,2026,2026-09-02 17:11:10.752603
883,3,Education,Delhi,How can I improve my programming skills?,2026-01-19 16:48:00,2026-01-19,2026-01,2026,2026-09-02 17:11:10.752603
884,23,Career,Delhi,What is the best way to learn SQL?,2026-04-26 22:52:00,2026-04-26,2026-04,2026,2026-09-02 17:11:10.752603
885,19,Education,Mumbai,What is the best way to learn SQL?,2026-03-18 20:58:00,2026-03-18,2026-03,2026,2026-09-02 17:11:10.752603
886,25,Health,Jaipur,What is the best way to learn SQL?,2026-05-23 23:56:00,2026-05-23,2026-05,2026,2026-09-02 17:11:10.752603
887,11,Health,Delhi,What are good resources for learning technology?,2026-06-11 01:53:00,2026-06-11,2026-06,2026,2026-09-02 17:11:10.752603
888,28,Technology,Chennai,How can I improve my career skills?,2026-05-02 00:59:00,2026-05-02,2026-05,2026,2026-09-02 17:11:10.752603
889,8,Business,Chennai,What is data engineering?,2026-02-13 22:41:00,2026-02-13,2026-02,2026,2026-09-02 17:11:10.752603
890,19,Programming,Bangalore,How can I prepare for a technical interview?,2026-04-15 05:01:00,2026-04-15,2026-04,2026,2026-09-02 17:11:10.752603
891,25,Programming,Pune,How can I start learning machine learning?,2026-04-05 13:22:00,2026-04-05,2026-04,2026,2026-09-02 17:11:10.752603
892,17,Education,Jaipur,How can I improve my career skills?,2026-06-17 02:59:00,2026-06-17,2026-06,2026,2026-09-02 17:11:10.752603
893,8,Health,Ahmedabad,How can I learn Python?,2026-04-16 17:25:00,2026-04-16,2026-04,2026,2026-09-02 17:11:10.752603
894,6,Career,Jaipur,What is data engineering?,2026-05-27 20:17:00,2026-05-27,2026-05,2026,2026-09-02 17:11:10.752603
895,8,General,Mumbai,How can I improve my career skills?,2026-05-15 03:09:00,2026-05-15,2026-05,2026,2026-09-02 17:11:10.752603
896,1,Education,Hyderabad,What is the difference between SQL and NoSQL?,2026-01-10 20:51:00,2026-01-10,2026-01,2026,2026-09-02 17:11:10.752603
897,19,Business,Delhi,What are good resources for learning technology?,2026-01-17 19:01:00,2026-01-17,2026-01,2026,2026-09-02 17:11:10.752603
898,18,Business,Hyderabad,How can I prepare for a technical interview?,2026-04-22 21:02:00,2026-04-22,2026-04,2026,2026-09-02 17:11:10.752603
899,19,Business,Bangalore,What are good resources for learning technology?,2026-03-20 07:36:00,2026-03-20,2026-03,2026,2026-09-02 17:11:10.752603
900,11,Health,Delhi,What are good resources for learning technology?,2026-05-30 16:51:00,2026-05-30,2026-05,2026,2026-09-02 17:11:10.752603
901,2,Health,Bangalore,How can I improve my programming skills?,2026-05-15 23:08:00,2026-05-15,2026-05,2026,2026-09-02 17:11:10.752603
902,3,Technology,Ahmedabad,What is the best way to learn SQL?,2026-06-26 20:02:00,2026-06-26,2026-06,2026,2026-09-02 17:11:10.752603
903,3,Career,Hyderabad,What are good resources for learning technology?,2026-01-24 06:55:00,2026-01-24,2026-01,2026,2026-09-02 17:11:10.752603
904,4,Business,Bangalore,What are good resources for learning technology?,2026-03-22 07:30:00,2026-03-22,2026-03,2026,2026-09-02 17:11:10.752603
905,4,Business,Hyderabad,How can I prepare for a technical interview?,2026-06-13 22:07:00,2026-06-13,2026-06,2026,2026-09-02 17:11:10.752603
906,6,Education,Bangalore,What is the difference between SQL and NoSQL?,2026-03-29 15:49:00,2026-03-29,2026-03,2026,2026-09-02 17:11:10.752603
907,5,Programming,Chennai,How can I prepare for a technical interview?,2026-06-02 07:56:00,2026-06-02,2026-06,2026,2026-09-02 17:11:10.752603
908,24,Career,Pune,What is the best way to learn SQL?,2026-04-08 15:31:00,2026-04-08,2026-04,2026,2026-09-02 17:11:10.752603
909,4,General,Ahmedabad,What is the difference between SQL and NoSQL?,2026-05-26 01:18:00,2026-05-26,2026-05,2026,2026-09-02 17:11:10.752603
910,12,Education,Ahmedabad,How can I learn data analytics?,2026-04-11 05:54:00,2026-04-11,2026-04,2026,2026-09-02 17:11:10.752603
911,11,Education,Pune,How can I improve my programming skills?,2026-06-15 18:05:00,2026-06-15,2026-06,2026,2026-09-02 17:11:10.752603
912,20,General,Ahmedabad,How can I start learning machine learning?,2026-02-10 07:12:00,2026-02-10,2026-02,2026,2026-09-02 17:11:10.752603
913,12,Career,Mumbai,How can I start learning machine learning?,2026-06-19 15:59:00,2026-06-19,2026-06,2026,2026-09-02 17:11:10.752603
914,8,Career,Delhi,How can I learn data analytics?,2026-03-21 03:07:00,2026-03-21,2026-03,2026,2026-09-02 17:11:10.752603
915,25,General,Bangalore,What are good resources for learning technology?,2026-01-07 04:20:00,2026-01-07,2026-01,2026,2026-09-02 17:11:10.752603
916,30,Programming,Delhi,How can I improve my career skills?,2026-03-22 14:56:00,2026-03-22,2026-03,2026,2026-09-02 17:11:10.752603
917,23,Health,Delhi,How can I start learning machine learning?,2026-05-18 19:06:00,2026-05-18,2026-05,2026,2026-09-02 17:11:10.752603
918,14,Programming,Delhi,How can I start learning machine learning?,2026-01-24 10:07:00,2026-01-24,2026-01,2026,2026-09-02 17:11:10.752603
919,4,Technology,Delhi,How can I start learning machine learning?,2026-02-05 16:12:00,2026-02-05,2026-02,2026,2026-09-02 17:11:10.752603
920,16,Business,Bangalore,What is the difference between SQL and NoSQL?,2026-06-01 05:07:00,2026-06-01,2026-06,2026,2026-09-02 17:11:10.752603
921,1,General,Ahmedabad,What is the best way to learn SQL?,2026-01-15 15:35:00,2026-01-15,2026-01,2026,2026-09-02 17:11:10.752603
922,25,Career,Bangalore,What is the best way to learn SQL?,2026-05-11 20:31:00,2026-05-11,2026-05,2026,2026-09-02 17:11:10.752603
923,10,Career,Chennai,How can I improve my programming skills?,2026-06-09 12:28:00,2026-06-09,2026-06,2026,2026-09-02 17:11:10.752603
924,18,Education,Ahmedabad,How can I prepare for a technical interview?,2026-01-03 02:16:00,2026-01-03,2026-01,2026,2026-09-02 17:11:10.752603
925,23,Business,Chennai,How can I prepare for a technical interview?,2026-05-21 18:11:00,2026-05-21,2026-05,2026,2026-09-02 17:11:10.752603
926,19,General,Bangalore,What is the best way to learn SQL?,2026-04-29 19:10:00,2026-04-29,2026-04,2026,2026-09-02 17:11:10.752603
927,13,Programming,Pune,How can I prepare for a technical interview?,2026-01-11 10:29:00,2026-01-11,2026-01,2026,2026-09-02 17:11:10.752603
928,8,Business,Mumbai,How can I prepare for a technical interview?,2026-02-14 01:10:00,2026-02-14,2026-02,2026,2026-09-02 17:11:10.752603
929,18,Career,Jaipur,What is the difference between SQL and NoSQL?,2026-02-27 21:50:00,2026-02-27,2026-02,2026,2026-09-02 17:11:10.752603
930,19,General,Mumbai,What is the difference between SQL and NoSQL?,2026-04-16 19:12:00,2026-04-16,2026-04,2026,2026-09-02 17:11:10.752603
931,16,Health,Bangalore,How can I start learning machine learning?,2026-06-17 15:57:00,2026-06-17,2026-06,2026,2026-09-02 17:11:10.752603
932,30,Health,Hyderabad,What is the best way to learn SQL?,2026-01-15 19:38:00,2026-01-15,2026-01,2026,2026-09-02 17:11:10.752603
933,6,Career,Chennai,How can I start learning machine learning?,2026-05-04 23:28:00,2026-05-04,2026-05,2026,2026-09-02 17:11:10.752603
934,7,Health,Pune,How can I learn data analytics?,2026-05-22 13:38:00,2026-05-22,2026-05,2026,2026-09-02 17:11:10.752603
935,18,Health,Delhi,How can I start learning machine learning?,2026-04-11 03:58:00,2026-04-11,2026-04,2026,2026-09-02 17:11:10.752603
936,24,Career,Hyderabad,How can I start learning machine learning?,2026-04-04 03:41:00,2026-04-04,2026-04,2026,2026-09-02 17:11:10.752603
937,19,Technology,Mumbai,How can I start learning machine learning?,2026-04-29 00:39:00,2026-04-29,2026-04,2026,2026-09-02 17:11:10.752603
938,19,Education,Pune,How can I start learning machine learning?,2026-06-16 12:10:00,2026-06-16,2026-06,2026,2026-09-02 17:11:10.752603
939,18,Business,Jaipur,What are good resources for learning technology?,2026-05-14 06:57:00,2026-05-14,2026-05,2026,2026-09-02 17:11:10.752603
940,10,Programming,Mumbai,What is the best way to learn SQL?,2026-05-09 21:30:00,2026-05-09,2026-05,2026,2026-09-02 17:11:10.752603
941,2,Programming,Ahmedabad,What are good resources for learning technology?,2026-03-01 17:26:00,2026-03-01,2026-03,2026,2026-09-02 17:11:10.752603
942,29,Programming,Chennai,What is the difference between SQL and NoSQL?,2026-05-16 09:08:00,2026-05-16,2026-05,2026,2026-09-02 17:11:10.752603
943,28,Career,Chennai,What is the difference between SQL and NoSQL?,2026-01-02 06:11:00,2026-01-02,2026-01,2026,2026-09-02 17:11:10.752603
944,16,General,Bangalore,What is data engineering?,2026-02-14 06:56:00,2026-02-14,2026-02,2026,2026-09-02 17:11:10.752603
945,27,Business,Chennai,What is the best way to learn SQL?,2026-04-06 17:01:00,2026-04-06,2026-04,2026,2026-09-02 17:11:10.752603
946,24,Education,Ahmedabad,How can I improve my career skills?,2026-02-11 21:43:00,2026-02-11,2026-02,2026,2026-09-02 17:11:10.752603
947,21,Programming,Jaipur,What is the best way to learn SQL?,2026-03-01 04:54:00,2026-03-01,2026-03,2026,2026-09-02 17:11:10.752603
948,22,Health,Ahmedabad,How can I start learning machine learning?,2026-01-10 16:37:00,2026-01-10,2026-01,2026,2026-09-02 17:11:10.752603
949,6,General,Delhi,What are good resources for learning technology?,2026-04-30 06:19:00,2026-04-30,2026-04,2026,2026-09-02 17:11:10.752603
950,25,Career,Mumbai,How can I improve my career skills?,2026-01-09 15:08:00,2026-01-09,2026-01,2026,2026-09-02 17:11:10.752603
951,5,Education,Pune,How can I learn data analytics?,2026-02-24 11:30:00,2026-02-24,2026-02,2026,2026-09-02 17:11:10.752603
952,24,Business,Delhi,What is data engineering?,2026-04-21 16:52:00,2026-04-21,2026-04,2026,2026-09-02 17:11:10.752603
953,4,Business,Hyderabad,What are good resources for learning technology?,2026-04-23 00:58:00,2026-04-23,2026-04,2026,2026-09-02 17:11:10.752603
954,26,General,Ahmedabad,What are good resources for learning technology?,2026-04-12 20:37:00,2026-04-12,2026-04,2026,2026-09-02 17:11:10.752603
955,3,Programming,Hyderabad,How can I learn Python?,2026-04-17 01:57:00,2026-04-17,2026-04,2026,2026-09-02 17:11:10.752603
956,16,Programming,Jaipur,How can I learn Python?,2026-03-15 13:06:00,2026-03-15,2026-03,2026,2026-09-02 17:11:10.752603
957,4,Career,Bangalore,What is the difference between SQL and NoSQL?,2026-05-20 22:16:00,2026-05-20,2026-05,2026,2026-09-02 17:11:10.752603
958,23,General,Chennai,How can I prepare for a technical interview?,2026-05-28 11:45:00,2026-05-28,2026-05,2026,2026-09-02 17:11:10.752603
959,4,Health,Mumbai,How can I start learning machine learning?,2026-01-28 09:04:00,2026-01-28,2026-01,2026,2026-09-02 17:11:10.752603
960,10,Business,Hyderabad,What are good resources for learning technology?,2026-01-02 19:11:00,2026-01-02,2026-01,2026,2026-09-02 17:11:10.752603
961,2,Career,Chennai,What are good resources for learning technology?,2026-02-23 06:38:00,2026-02-23,2026-02,2026,2026-09-02 17:11:10.752603
962,29,Business,Jaipur,How can I start learning machine learning?,2026-05-22 02:29:00,2026-05-22,2026-05,2026,2026-09-02 17:11:10.752603
963,19,Career,Jaipur,How can I learn data analytics?,2026-03-23 11:28:00,2026-03-23,2026-03,2026,2026-09-02 17:11:10.752603
964,28,Career,Jaipur,What are good resources for learning technology?,2026-05-07 09:53:00,2026-05-07,2026-05,2026,2026-09-02 17:11:10.752603
965,5,Education,Mumbai,How can I improve my programming skills?,2026-06-19 02:02:00,2026-06-19,2026-06,2026,2026-09-02 17:11:10.752603
966,13,Education,Delhi,How can I learn Python?,2026-05-11 14:00:00,2026-05-11,2026-05,2026,2026-09-02 17:11:10.752603
967,4,Technology,Hyderabad,How can I improve my programming skills?,2026-04-11 12:24:00,2026-04-11,2026-04,2026,2026-09-02 17:11:10.752603
968,29,Education,Hyderabad,How can I improve my career skills?,2026-06-14 18:15:00,2026-06-14,2026-06,2026,2026-09-02 17:11:10.752603
969,2,General,Hyderabad,How can I learn data analytics?,2026-02-26 16:41:00,2026-02-26,2026-02,2026,2026-09-02 17:11:10.752603
970,12,Career,Delhi,How can I start learning machine learning?,2026-05-28 14:29:00,2026-05-28,2026-05,2026,2026-09-02 17:11:10.752603
971,21,General,Delhi,What is data engineering?,2026-02-25 02:35:00,2026-02-25,2026-02,2026,2026-09-02 17:11:10.752603
972,4,Business,Ahmedabad,What is the difference between SQL and NoSQL?,2026-01-30 11:22:00,2026-01-30,2026-01,2026,2026-09-02 17:11:10.752603
973,19,Technology,Mumbai,How can I learn data analytics?,2026-04-21 20:35:00,2026-04-21,2026-04,2026,2026-09-02 17:11:10.752603
974,21,Technology,Chennai,What is data engineering?,2026-03-27 05:34:00,2026-03-27,2026-03,2026,2026-09-02 17:11:10.752603
975,1,Business,Hyderabad,How can I prepare for a technical interview?,2026-05-25 04:01:00,2026-05-25,2026-05,2026,2026-09-02 17:11:10.752603
976,26,Programming,Chennai,How can I prepare for a technical interview?,2026-02-26 14:57:00,2026-02-26,2026-02,2026,2026-09-02 17:11:10.752603
977,23,General,Delhi,What is data engineering?,2026-05-30 23:00:00,2026-05-30,2026-05,2026,2026-09-02 17:11:10.752603
978,27,Business,Hyderabad,What is the best way to learn SQL?,2026-05-07 19:28:00,2026-05-07,2026-05,2026,2026-09-02 17:11:10.752603
979,21,Business,Ahmedabad,How can I start learning machine learning?,2026-02-22 06:04:00,2026-02-22,2026-02,2026,2026-09-02 17:11:10.752603
980,11,Business,Bangalore,How can I prepare for a technical interview?,2026-02-12 09:26:00,2026-02-12,2026-02,2026,2026-09-02 17:11:10.752603
981,5,General,Chennai,How can I learn Python?,2026-06-29 02:07:00,2026-06-29,2026-06,2026,2026-09-02 17:11:10.752603
982,28,Business,Mumbai,How can I prepare for a technical interview?,2026-05-19 00:53:00,2026-05-19,2026-05,2026,2026-09-02 17:11:10.752603
983,24,Business,Bangalore,How can I improve my career skills?,2026-01-14 05:43:00,2026-01-14,2026-01,2026,2026-09-02 17:11:10.752603
984,25,Business,Pune,What are good resources for learning technology?,2026-04-27 14:46:00,2026-04-27,2026-04,2026,2026-09-02 17:11:10.752603
985,20,General,Delhi,What is data engineering?,2026-05-28 05:46:00,2026-05-28,2026-05,2026,2026-09-02 17:11:10.752603
986,5,Technology,Pune,How can I learn data analytics?,2026-01-28 19:55:00,2026-01-28,2026-01,2026,2026-09-02 17:11:10.752603
987,3,Career,Ahmedabad,What are good resources for learning technology?,2026-06-09 20:37:00,2026-06-09,2026-06,2026,2026-09-02 17:11:10.752603
988,19,Career,Bangalore,How can I learn Python?,2026-02-14 15:11:00,2026-02-14,2026-02,2026,2026-09-02 17:11:10.752603
989,14,Career,Ahmedabad,How can I start learning machine learning?,2026-06-01 04:40:00,2026-06-01,2026-06,2026,2026-09-02 17:11:10.752603
990,20,Education,Chennai,What is the difference between SQL and NoSQL?,2026-02-05 17:37:00,2026-02-05,2026-02,2026,2026-09-02 17:11:10.752603
991,13,Programming,Hyderabad,How can I improve my career skills?,2026-06-08 00:05:00,2026-06-08,2026-06,2026,2026-09-02 17:11:10.752603
992,27,Career,Bangalore,How can I prepare for a technical interview?,2026-06-18 20:17:00,2026-06-18,2026-06,2026,2026-09-02 17:11:10.752603
993,8,Technology,Hyderabad,How can I improve my programming skills?,2026-01-31 14:27:00,2026-01-31,2026-01,2026,2026-09-02 17:11:10.752603
994,20,General,Mumbai,How can I learn Python?,2026-03-24 18:14:00,2026-03-24,2026-03,2026,2026-09-02 17:11:10.752603
995,17,Business,Bangalore,How can I learn data analytics?,2026-01-18 17:52:00,2026-01-18,2026-01,2026,2026-09-02 17:11:10.752603
996,27,Education,Jaipur,What is the best way to learn SQL?,2026-01-07 04:29:00,2026-01-07,2026-01,2026,2026-09-02 17:11:10.752603
997,20,Health,Pune,How can I start learning machine learning?,2026-02-20 18:48:00,2026-02-20,2026-02,2026,2026-09-02 17:11:10.752603
998,3,General,Ahmedabad,How can I prepare for a technical interview?,2026-04-21 08:03:00,2026-04-21,2026-04,2026,2026-09-02 17:11:10.752603
999,14,Career,Jaipur,How can I improve my programming skills?,2026-04-08 11:19:00,2026-04-08,2026-04,2026,2026-09-02 17:11:10.752603
1000,1,Career,Hyderabad,How can I learn data analytics?,2026-05-06 12:43:00,2026-05-06,2026-05,2026,2026-09-02 17:11:10.752603
